id,firstname,lastname,email,email2,profession
100,Talya,Dituri,Talya.Dituri@yopmail.com,Talya.Dituri@gmail.com,doctor
101,Viki,Carolin,Viki.Carolin@yopmail.com,Viki.Carolin@gmail.com,firefighter
102,Kamilah,Magnolia,Kamilah.Magnolia@yopmail.com,Kamilah.Magnolia@gmail.com,doctor
103,Vivia,Oscar,Vivia.Oscar@yopmail.com,Vivia.Oscar@gmail.com,developer
104,Phedra,Colleen,Phedra.Colleen@yopmail.com,Phedra.Colleen@gmail.com,police officer
105,Claudina,Bohlin,Claudina.Bohlin@yopmail.com,Claudina.Bohlin@gmail.com,worker
106,Adele,Mitzi,Adele.Mitzi@yopmail.com,Adele.Mitzi@gmail.com,worker
107,Aimil,Rosalba,Aimil.Rosalba@yopmail.com,Aimil.Rosalba@gmail.com,doctor
108,Letizia,Arley,Letizia.Arley@yopmail.com,Letizia.Arley@gmail.com,firefighter
109,Gaylene,Kendrick,Gaylene.Kendrick@yopmail.com,Gaylene.Kendrick@gmail.com,worker
110,Kenna,Cyrie,Kenna.Cyrie@yopmail.com,Kenna.Cyrie@gmail.com,developer
111,Anica,Joli,Anica.Joli@yopmail.com,Anica.Joli@gmail.com,developer
112,Minne,Goode,Minne.Goode@yopmail.com,Minne.Goode@gmail.com,police officer
113,Lynde,Cloris,Lynde.Cloris@yopmail.com,Lynde.Cloris@gmail.com,police officer
114,Halette,Ramona,Halette.Ramona@yopmail.com,Halette.Ramona@gmail.com,police officer
115,Gabriellia,Gaynor,Gabriellia.Gaynor@yopmail.com,Gabriellia.Gaynor@gmail.com,worker
116,Pollyanna,Old,Pollyanna.Old@yopmail.com,Pollyanna.Old@gmail.com,firefighter
117,Tarra,Ochs,Tarra.Ochs@yopmail.com,Tarra.Ochs@gmail.com,firefighter
118,Cristabel,Rugen,Cristabel.Rugen@yopmail.com,Cristabel.Rugen@gmail.com,police officer
119,Anthia,Elvyn,Anthia.Elvyn@yopmail.com,Anthia.Elvyn@gmail.com,doctor
120,Andree,Baudin,Andree.Baudin@yopmail.com,Andree.Baudin@gmail.com,doctor
121,Paulita,Forrer,Paulita.Forrer@yopmail.com,Paulita.Forrer@gmail.com,developer
122,Nerta,Carvey,Nerta.Carvey@yopmail.com,Nerta.Carvey@gmail.com,police officer
123,Gui,Bandeen,Gui.Bandeen@yopmail.com,Gui.Bandeen@gmail.com,worker
124,Valera,Dex,Valera.Dex@yopmail.com,Valera.Dex@gmail.com,firefighter
125,Jean,Gaal,Jean.Gaal@yopmail.com,Jean.Gaal@gmail.com,worker
126,Albertina,Girardo,Albertina.Girardo@yopmail.com,Albertina.Girardo@gmail.com,worker
127,Britte,Taima,Britte.Taima@yopmail.com,Britte.Taima@gmail.com,doctor
128,Codie,Bow,Codie.Bow@yopmail.com,Codie.Bow@gmail.com,police officer
129,Pollyanna,Greenwald,Pollyanna.Greenwald@yopmail.com,Pollyanna.Greenwald@gmail.com,doctor
130,Cristine,Alrich,Cristine.Alrich@yopmail.com,Cristine.Alrich@gmail.com,worker
131,Alisha,Hailee,Alisha.Hailee@yopmail.com,Alisha.Hailee@gmail.com,police officer
132,Louella,Tybald,Louella.Tybald@yopmail.com,Louella.Tybald@gmail.com,developer
133,Alia,Tjon,Alia.Tjon@yopmail.com,Alia.Tjon@gmail.com,police officer
134,Oralee,Mott,Oralee.Mott@yopmail.com,Oralee.Mott@gmail.com,developer
135,Jordan,Marlie,Jordan.Marlie@yopmail.com,Jordan.Marlie@gmail.com,developer
136,Olivette,Carbo,Olivette.Carbo@yopmail.com,Olivette.Carbo@gmail.com,police officer
137,Harrietta,Urias,Harrietta.Urias@yopmail.com,Harrietta.Urias@gmail.com,worker
138,Tabbatha,Rodmann,Tabbatha.Rodmann@yopmail.com,Tabbatha.Rodmann@gmail.com,firefighter
139,Joleen,Gemini,Joleen.Gemini@yopmail.com,Joleen.Gemini@gmail.com,firefighter
140,Veda,Engdahl,Veda.Engdahl@yopmail.com,Veda.Engdahl@gmail.com,police officer
141,Tonia,Sprage,Tonia.Sprage@yopmail.com,Tonia.Sprage@gmail.com,worker
142,Penelopa,Hylan,Penelopa.Hylan@yopmail.com,Penelopa.Hylan@gmail.com,police officer
143,Marnia,Leonard,Marnia.Leonard@yopmail.com,Marnia.Leonard@gmail.com,developer
144,Ardeen,Izaak,Ardeen.Izaak@yopmail.com,Ardeen.Izaak@gmail.com,police officer
145,Belva,Abram,Belva.Abram@yopmail.com,Belva.Abram@gmail.com,firefighter
146,Gianina,Ardra,Gianina.Ardra@yopmail.com,Gianina.Ardra@gmail.com,firefighter
147,Carmela,Goerke,Carmela.Goerke@yopmail.com,Carmela.Goerke@gmail.com,police officer
148,Lyssa,Carlson,Lyssa.Carlson@yopmail.com,Lyssa.Carlson@gmail.com,police officer
149,Mireielle,Sheng,Mireielle.Sheng@yopmail.com,Mireielle.Sheng@gmail.com,firefighter
150,Dorice,Firmin,Dorice.Firmin@yopmail.com,Dorice.Firmin@gmail.com,firefighter
151,Charissa,Durware,Charissa.Durware@yopmail.com,Charissa.Durware@gmail.com,doctor
152,Britni,Matthew,Britni.Matthew@yopmail.com,Britni.Matthew@gmail.com,police officer
153,Tarra,Flyn,Tarra.Flyn@yopmail.com,Tarra.Flyn@gmail.com,developer
154,Tera,Rona,Tera.Rona@yopmail.com,Tera.Rona@gmail.com,worker
155,Dorice,Fiester,Dorice.Fiester@yopmail.com,Dorice.Fiester@gmail.com,worker
156,Molli,Jerald,Molli.Jerald@yopmail.com,Molli.Jerald@gmail.com,worker
157,Genovera,Palocz,Genovera.Palocz@yopmail.com,Genovera.Palocz@gmail.com,firefighter
158,Marnia,Hieronymus,Marnia.Hieronymus@yopmail.com,Marnia.Hieronymus@gmail.com,worker
159,Leona,Dituri,Leona.Dituri@yopmail.com,Leona.Dituri@gmail.com,firefighter
160,Catharine,Firmin,Catharine.Firmin@yopmail.com,Catharine.Firmin@gmail.com,firefighter
161,Fred,Sheedy,Fred.Sheedy@yopmail.com,Fred.Sheedy@gmail.com,police officer
162,Carlie,Monk,Carlie.Monk@yopmail.com,Carlie.Monk@gmail.com,worker
163,Bill,Whittaker,Bill.Whittaker@yopmail.com,Bill.Whittaker@gmail.com,developer
164,Kimmy,Claudine,Kimmy.Claudine@yopmail.com,Kimmy.Claudine@gmail.com,police officer
165,Kayla,Lacombe,Kayla.Lacombe@yopmail.com,Kayla.Lacombe@gmail.com,police officer
166,Gertrud,Clie,Gertrud.Clie@yopmail.com,Gertrud.Clie@gmail.com,police officer
167,Estell,Nisbet,Estell.Nisbet@yopmail.com,Estell.Nisbet@gmail.com,worker
168,Merry,Flita,Merry.Flita@yopmail.com,Merry.Flita@gmail.com,police officer
169,Farrah,Ade,Farrah.Ade@yopmail.com,Farrah.Ade@gmail.com,doctor
170,Aurore,Goode,Aurore.Goode@yopmail.com,Aurore.Goode@gmail.com,worker
171,Fidelia,Revkah,Fidelia.Revkah@yopmail.com,Fidelia.Revkah@gmail.com,doctor
172,Kial,Shanley,Kial.Shanley@yopmail.com,Kial.Shanley@gmail.com,developer
173,Lynde,Jenness,Lynde.Jenness@yopmail.com,Lynde.Jenness@gmail.com,police officer
174,Lita,Isacco,Lita.Isacco@yopmail.com,Lita.Isacco@gmail.com,firefighter
175,Lucille,Ingra,Lucille.Ingra@yopmail.com,Lucille.Ingra@gmail.com,firefighter
176,Orsola,Krystle,Orsola.Krystle@yopmail.com,Orsola.Krystle@gmail.com,firefighter
177,Morganica,Jorgan,Morganica.Jorgan@yopmail.com,Morganica.Jorgan@gmail.com,worker
178,Chrystel,Eachern,Chrystel.Eachern@yopmail.com,Chrystel.Eachern@gmail.com,firefighter
179,Trudie,Holbrook,Trudie.Holbrook@yopmail.com,Trudie.Holbrook@gmail.com,doctor
180,Cristabel,Mehalek,Cristabel.Mehalek@yopmail.com,Cristabel.Mehalek@gmail.com,police officer
181,Alyssa,Franza,Alyssa.Franza@yopmail.com,Alyssa.Franza@gmail.com,developer
182,Jemie,Israeli,Jemie.Israeli@yopmail.com,Jemie.Israeli@gmail.com,firefighter
183,Clarice,Seligman,Clarice.Seligman@yopmail.com,Clarice.Seligman@gmail.com,developer
184,Shandie,Ajay,Shandie.Ajay@yopmail.com,Shandie.Ajay@gmail.com,firefighter
185,Winny,Delp,Winny.Delp@yopmail.com,Winny.Delp@gmail.com,worker
186,Fidelia,Roxanna,Fidelia.Roxanna@yopmail.com,Fidelia.Roxanna@gmail.com,police officer
187,Robinia,Socha,Robinia.Socha@yopmail.com,Robinia.Socha@gmail.com,doctor
188,Celestyna,Suanne,Celestyna.Suanne@yopmail.com,Celestyna.Suanne@gmail.com,developer
189,Cyndie,Sandye,Cyndie.Sandye@yopmail.com,Cyndie.Sandye@gmail.com,doctor
190,Tiffie,Noman,Tiffie.Noman@yopmail.com,Tiffie.Noman@gmail.com,firefighter
191,Estell,Oster,Estell.Oster@yopmail.com,Estell.Oster@gmail.com,developer
192,Mahalia,Diogenes,Mahalia.Diogenes@yopmail.com,Mahalia.Diogenes@gmail.com,doctor
193,Babita,Gregrory,Babita.Gregrory@yopmail.com,Babita.Gregrory@gmail.com,worker
194,Candi,Durware,Candi.Durware@yopmail.com,Candi.Durware@gmail.com,doctor
195,Vevay,Ramona,Vevay.Ramona@yopmail.com,Vevay.Ramona@gmail.com,doctor
196,Joeann,Bennie,Joeann.Bennie@yopmail.com,Joeann.Bennie@gmail.com,firefighter
197,Edee,Raseda,Edee.Raseda@yopmail.com,Edee.Raseda@gmail.com,doctor
198,Kore,Medrek,Kore.Medrek@yopmail.com,Kore.Medrek@gmail.com,police officer
199,June,Stoller,June.Stoller@yopmail.com,June.Stoller@gmail.com,worker
200,Gaylene,Neva,Gaylene.Neva@yopmail.com,Gaylene.Neva@gmail.com,doctor
201,Silvana,Maisey,Silvana.Maisey@yopmail.com,Silvana.Maisey@gmail.com,police officer
202,Petronia,Tannie,Petronia.Tannie@yopmail.com,Petronia.Tannie@gmail.com,developer
203,Rori,Zrike,Rori.Zrike@yopmail.com,Rori.Zrike@gmail.com,developer
204,Imojean,Granoff,Imojean.Granoff@yopmail.com,Imojean.Granoff@gmail.com,developer
205,Nataline,Rona,Nataline.Rona@yopmail.com,Nataline.Rona@gmail.com,worker
206,Lesly,Horan,Lesly.Horan@yopmail.com,Lesly.Horan@gmail.com,doctor
207,Edee,Gilbertson,Edee.Gilbertson@yopmail.com,Edee.Gilbertson@gmail.com,firefighter
208,Kristina,Ilka,Kristina.Ilka@yopmail.com,Kristina.Ilka@gmail.com,developer
209,Dennie,Rosalba,Dennie.Rosalba@yopmail.com,Dennie.Rosalba@gmail.com,worker
210,Lenna,Holtz,Lenna.Holtz@yopmail.com,Lenna.Holtz@gmail.com,developer
211,Binny,Keily,Binny.Keily@yopmail.com,Binny.Keily@gmail.com,doctor
212,Jacquetta,Salvidor,Jacquetta.Salvidor@yopmail.com,Jacquetta.Salvidor@gmail.com,police officer
213,Neila,Allina,Neila.Allina@yopmail.com,Neila.Allina@gmail.com,doctor
214,Ariela,Westphal,Ariela.Westphal@yopmail.com,Ariela.Westphal@gmail.com,police officer
215,Jorry,Aprile,Jorry.Aprile@yopmail.com,Jorry.Aprile@gmail.com,doctor
216,Kara-Lynn,Billye,Kara-Lynn.Billye@yopmail.com,Kara-Lynn.Billye@gmail.com,doctor
217,Zia,Chauncey,Zia.Chauncey@yopmail.com,Zia.Chauncey@gmail.com,developer
218,Alyssa,Arley,Alyssa.Arley@yopmail.com,Alyssa.Arley@gmail.com,worker
219,Lacie,Clara,Lacie.Clara@yopmail.com,Lacie.Clara@gmail.com,developer
220,Binny,Newell,Binny.Newell@yopmail.com,Binny.Newell@gmail.com,worker
221,Delilah,Sherfield,Delilah.Sherfield@yopmail.com,Delilah.Sherfield@gmail.com,police officer
222,Natka,Franza,Natka.Franza@yopmail.com,Natka.Franza@gmail.com,doctor
223,Rayna,Lareena,Rayna.Lareena@yopmail.com,Rayna.Lareena@gmail.com,developer
224,Courtnay,Yuille,Courtnay.Yuille@yopmail.com,Courtnay.Yuille@gmail.com,developer
225,Angelique,Munn,Angelique.Munn@yopmail.com,Angelique.Munn@gmail.com,worker
226,Bernardine,Peti,Bernardine.Peti@yopmail.com,Bernardine.Peti@gmail.com,police officer
227,Georgetta,Flita,Georgetta.Flita@yopmail.com,Georgetta.Flita@gmail.com,developer
228,Dennie,Cohdwell,Dennie.Cohdwell@yopmail.com,Dennie.Cohdwell@gmail.com,firefighter
229,Sabina,Sawtelle,Sabina.Sawtelle@yopmail.com,Sabina.Sawtelle@gmail.com,firefighter
230,Sibella,Howlyn,Sibella.Howlyn@yopmail.com,Sibella.Howlyn@gmail.com,developer
231,Lolita,Lareena,Lolita.Lareena@yopmail.com,Lolita.Lareena@gmail.com,worker
232,Hyacinthe,Fadiman,Hyacinthe.Fadiman@yopmail.com,Hyacinthe.Fadiman@gmail.com,worker
233,Janenna,Earlie,Janenna.Earlie@yopmail.com,Janenna.Earlie@gmail.com,worker
234,Lilith,Ardra,Lilith.Ardra@yopmail.com,Lilith.Ardra@gmail.com,firefighter
235,Annabela,Jotham,Annabela.Jotham@yopmail.com,Annabela.Jotham@gmail.com,doctor
236,Anallese,Jalbert,Anallese.Jalbert@yopmail.com,Anallese.Jalbert@gmail.com,firefighter
237,Kaja,Fleeta,Kaja.Fleeta@yopmail.com,Kaja.Fleeta@gmail.com,developer
238,Dania,Jena,Dania.Jena@yopmail.com,Dania.Jena@gmail.com,worker
239,Lauryn,Myrilla,Lauryn.Myrilla@yopmail.com,Lauryn.Myrilla@gmail.com,firefighter
240,Kaia,Revkah,Kaia.Revkah@yopmail.com,Kaia.Revkah@gmail.com,firefighter
241,Tybie,Hessler,Tybie.Hessler@yopmail.com,Tybie.Hessler@gmail.com,firefighter
242,Myrtice,Marden,Myrtice.Marden@yopmail.com,Myrtice.Marden@gmail.com,worker
243,Aaren,Chrystel,Aaren.Chrystel@yopmail.com,Aaren.Chrystel@gmail.com,doctor
244,Dulcinea,Tatianas,Dulcinea.Tatianas@yopmail.com,Dulcinea.Tatianas@gmail.com,firefighter
245,Binny,Norvol,Binny.Norvol@yopmail.com,Binny.Norvol@gmail.com,developer
246,Noelle,Pauly,Noelle.Pauly@yopmail.com,Noelle.Pauly@gmail.com,police officer
247,Lizzie,Brandice,Lizzie.Brandice@yopmail.com,Lizzie.Brandice@gmail.com,police officer
248,Abbie,Philoo,Abbie.Philoo@yopmail.com,Abbie.Philoo@gmail.com,developer
249,Andeee,Cynar,Andeee.Cynar@yopmail.com,Andeee.Cynar@gmail.com,developer
250,Dari,Selway,Dari.Selway@yopmail.com,Dari.Selway@gmail.com,worker
251,Codie,Uird,Codie.Uird@yopmail.com,Codie.Uird@gmail.com,firefighter
252,Monika,Norrie,Monika.Norrie@yopmail.com,Monika.Norrie@gmail.com,worker
253,Emmey,Lalitta,Emmey.Lalitta@yopmail.com,Emmey.Lalitta@gmail.com,worker
254,Gianina,Nisbet,Gianina.Nisbet@yopmail.com,Gianina.Nisbet@gmail.com,worker
255,Cathie,Gino,Cathie.Gino@yopmail.com,Cathie.Gino@gmail.com,doctor
256,Janenna,Raychel,Janenna.Raychel@yopmail.com,Janenna.Raychel@gmail.com,police officer
257,Olivette,Charity,Olivette.Charity@yopmail.com,Olivette.Charity@gmail.com,doctor
258,Courtnay,Zetta,Courtnay.Zetta@yopmail.com,Courtnay.Zetta@gmail.com,police officer
259,Charissa,Doig,Charissa.Doig@yopmail.com,Charissa.Doig@gmail.com,doctor
260,Gretal,Pillsbury,Gretal.Pillsbury@yopmail.com,Gretal.Pillsbury@gmail.com,police officer
261,Darci,Anderea,Darci.Anderea@yopmail.com,Darci.Anderea@gmail.com,police officer
262,Evita,Bettine,Evita.Bettine@yopmail.com,Evita.Bettine@gmail.com,worker
263,Madelle,Shaver,Madelle.Shaver@yopmail.com,Madelle.Shaver@gmail.com,worker
264,Philis,McCutcheon,Philis.McCutcheon@yopmail.com,Philis.McCutcheon@gmail.com,developer
265,Annabela,Rocray,Annabela.Rocray@yopmail.com,Annabela.Rocray@gmail.com,developer
266,Frances,Myrilla,Frances.Myrilla@yopmail.com,Frances.Myrilla@gmail.com,developer
267,Dolli,Konyn,Dolli.Konyn@yopmail.com,Dolli.Konyn@gmail.com,doctor
268,Louella,Presber,Louella.Presber@yopmail.com,Louella.Presber@gmail.com,doctor
269,Raina,Warthman,Raina.Warthman@yopmail.com,Raina.Warthman@gmail.com,firefighter
270,Dania,O'Carroll,Dania.O'Carroll@yopmail.com,Dania.O'Carroll@gmail.com,police officer
271,Celestyna,Kaja,Celestyna.Kaja@yopmail.com,Celestyna.Kaja@gmail.com,developer
272,Adele,Aprile,Adele.Aprile@yopmail.com,Adele.Aprile@gmail.com,doctor
273,Jaclyn,Cottle,Jaclyn.Cottle@yopmail.com,Jaclyn.Cottle@gmail.com,firefighter
274,Sonni,Dannye,Sonni.Dannye@yopmail.com,Sonni.Dannye@gmail.com,police officer
275,Dari,Ivens,Dari.Ivens@yopmail.com,Dari.Ivens@gmail.com,firefighter
276,Gianina,Maxi,Gianina.Maxi@yopmail.com,Gianina.Maxi@gmail.com,firefighter
277,Heddie,Birdella,Heddie.Birdella@yopmail.com,Heddie.Birdella@gmail.com,firefighter
278,Jany,Alcott,Jany.Alcott@yopmail.com,Jany.Alcott@gmail.com,police officer
279,Rosene,Dash,Rosene.Dash@yopmail.com,Rosene.Dash@gmail.com,police officer
280,Mara,Mott,Mara.Mott@yopmail.com,Mara.Mott@gmail.com,doctor
281,Kalina,Terrence,Kalina.Terrence@yopmail.com,Kalina.Terrence@gmail.com,worker
282,Viki,Judye,Viki.Judye@yopmail.com,Viki.Judye@gmail.com,police officer
283,Sharai,Arquit,Sharai.Arquit@yopmail.com,Sharai.Arquit@gmail.com,firefighter
284,Max,Suzetta,Max.Suzetta@yopmail.com,Max.Suzetta@gmail.com,developer
285,Brietta,Yusuk,Brietta.Yusuk@yopmail.com,Brietta.Yusuk@gmail.com,firefighter
286,Gisela,Amethist,Gisela.Amethist@yopmail.com,Gisela.Amethist@gmail.com,developer
287,Tonia,Gilbertson,Tonia.Gilbertson@yopmail.com,Tonia.Gilbertson@gmail.com,doctor
288,Konstance,Teryn,Konstance.Teryn@yopmail.com,Konstance.Teryn@gmail.com,doctor
289,Allyce,Pacorro,Allyce.Pacorro@yopmail.com,Allyce.Pacorro@gmail.com,doctor
290,Mallory,Franza,Mallory.Franza@yopmail.com,Mallory.Franza@gmail.com,police officer
291,Arabel,Seumas,Arabel.Seumas@yopmail.com,Arabel.Seumas@gmail.com,police officer
292,Perry,Killigrew,Perry.Killigrew@yopmail.com,Perry.Killigrew@gmail.com,doctor
293,Karena,Yoko,Karena.Yoko@yopmail.com,Karena.Yoko@gmail.com,developer
294,Nadine,Bennie,Nadine.Bennie@yopmail.com,Nadine.Bennie@gmail.com,firefighter
295,Claudina,Pierette,Claudina.Pierette@yopmail.com,Claudina.Pierette@gmail.com,police officer
296,Alameda,Talia,Alameda.Talia@yopmail.com,Alameda.Talia@gmail.com,worker
297,Marline,Rogerio,Marline.Rogerio@yopmail.com,Marline.Rogerio@gmail.com,doctor
298,Juliane,Gibbeon,Juliane.Gibbeon@yopmail.com,Juliane.Gibbeon@gmail.com,developer
299,Annabela,Edvard,Annabela.Edvard@yopmail.com,Annabela.Edvard@gmail.com,police officer
300,Florie,Septima,Florie.Septima@yopmail.com,Florie.Septima@gmail.com,developer
301,Selma,Nerita,Selma.Nerita@yopmail.com,Selma.Nerita@gmail.com,worker
302,Debee,Afton,Debee.Afton@yopmail.com,Debee.Afton@gmail.com,firefighter
303,Kerrin,Cherianne,Kerrin.Cherianne@yopmail.com,Kerrin.Cherianne@gmail.com,police officer
304,Vonny,Zaslow,Vonny.Zaslow@yopmail.com,Vonny.Zaslow@gmail.com,developer
305,Mignon,Noman,Mignon.Noman@yopmail.com,Mignon.Noman@gmail.com,worker
306,Ardeen,Schalles,Ardeen.Schalles@yopmail.com,Ardeen.Schalles@gmail.com,firefighter
307,Justinn,Pitt,Justinn.Pitt@yopmail.com,Justinn.Pitt@gmail.com,worker
308,Joceline,Harl,Joceline.Harl@yopmail.com,Joceline.Harl@gmail.com,firefighter
309,Bertine,Claudine,Bertine.Claudine@yopmail.com,Bertine.Claudine@gmail.com,doctor
310,Rivalee,Izaak,Rivalee.Izaak@yopmail.com,Rivalee.Izaak@gmail.com,doctor
311,Katuscha,Parsaye,Katuscha.Parsaye@yopmail.com,Katuscha.Parsaye@gmail.com,firefighter
312,Celene,Morgun,Celene.Morgun@yopmail.com,Celene.Morgun@gmail.com,police officer
313,Tersina,Fontana,Tersina.Fontana@yopmail.com,Tersina.Fontana@gmail.com,doctor
314,Tilly,Waite,Tilly.Waite@yopmail.com,Tilly.Waite@gmail.com,worker
315,Marita,Miru,Marita.Miru@yopmail.com,Marita.Miru@gmail.com,worker
316,Mireielle,Borrell,Mireielle.Borrell@yopmail.com,Mireielle.Borrell@gmail.com,developer
317,Etta,Bergman,Etta.Bergman@yopmail.com,Etta.Bergman@gmail.com,developer
318,Jsandye,Morgun,Jsandye.Morgun@yopmail.com,Jsandye.Morgun@gmail.com,developer
319,Hettie,Curren,Hettie.Curren@yopmail.com,Hettie.Curren@gmail.com,police officer
320,Daphne,Brittani,Daphne.Brittani@yopmail.com,Daphne.Brittani@gmail.com,firefighter
321,Lanna,Emerson,Lanna.Emerson@yopmail.com,Lanna.Emerson@gmail.com,developer
322,Marika,Saunderson,Marika.Saunderson@yopmail.com,Marika.Saunderson@gmail.com,worker
323,Nadine,Azeria,Nadine.Azeria@yopmail.com,Nadine.Azeria@gmail.com,doctor
324,Dione,Rona,Dione.Rona@yopmail.com,Dione.Rona@gmail.com,police officer
325,Stephanie,Tengdin,Stephanie.Tengdin@yopmail.com,Stephanie.Tengdin@gmail.com,developer
326,Tera,McNully,Tera.McNully@yopmail.com,Tera.McNully@gmail.com,firefighter
327,Melodie,Meter,Melodie.Meter@yopmail.com,Melodie.Meter@gmail.com,worker
328,Roz,Ricki,Roz.Ricki@yopmail.com,Roz.Ricki@gmail.com,doctor
329,Lesly,Hull,Lesly.Hull@yopmail.com,Lesly.Hull@gmail.com,doctor
330,Brooks,Myrilla,Brooks.Myrilla@yopmail.com,Brooks.Myrilla@gmail.com,developer
331,Sharlene,Kussell,Sharlene.Kussell@yopmail.com,Sharlene.Kussell@gmail.com,developer
332,Randa,Odell,Randa.Odell@yopmail.com,Randa.Odell@gmail.com,worker
333,Corly,Chobot,Corly.Chobot@yopmail.com,Corly.Chobot@gmail.com,police officer
334,Allyce,Hubert,Allyce.Hubert@yopmail.com,Allyce.Hubert@gmail.com,firefighter
335,Sidoney,Hieronymus,Sidoney.Hieronymus@yopmail.com,Sidoney.Hieronymus@gmail.com,firefighter
336,Dale,Madox,Dale.Madox@yopmail.com,Dale.Madox@gmail.com,firefighter
337,Di,Wolfgram,Di.Wolfgram@yopmail.com,Di.Wolfgram@gmail.com,worker
338,Ninnetta,Madelene,Ninnetta.Madelene@yopmail.com,Ninnetta.Madelene@gmail.com,developer
339,Candy,Xerxes,Candy.Xerxes@yopmail.com,Candy.Xerxes@gmail.com,worker
340,Daryl,Euridice,Daryl.Euridice@yopmail.com,Daryl.Euridice@gmail.com,worker
341,Aurore,Garrison,Aurore.Garrison@yopmail.com,Aurore.Garrison@gmail.com,developer
342,Noelle,Haldas,Noelle.Haldas@yopmail.com,Noelle.Haldas@gmail.com,police officer
343,Damaris,Imelida,Damaris.Imelida@yopmail.com,Damaris.Imelida@gmail.com,developer
344,Jan,Clarissa,Jan.Clarissa@yopmail.com,Jan.Clarissa@gmail.com,developer
345,Charmaine,Briney,Charmaine.Briney@yopmail.com,Charmaine.Briney@gmail.com,police officer
346,Trixi,Scammon,Trixi.Scammon@yopmail.com,Trixi.Scammon@gmail.com,worker
347,Vinita,Buttaro,Vinita.Buttaro@yopmail.com,Vinita.Buttaro@gmail.com,developer
348,Vonny,Waldron,Vonny.Waldron@yopmail.com,Vonny.Waldron@gmail.com,worker
349,Tonia,Bury,Tonia.Bury@yopmail.com,Tonia.Bury@gmail.com,firefighter
350,Luci,Dunkin,Luci.Dunkin@yopmail.com,Luci.Dunkin@gmail.com,firefighter
351,Pamella,Fiester,Pamella.Fiester@yopmail.com,Pamella.Fiester@gmail.com,firefighter
352,Inga,Earlie,Inga.Earlie@yopmail.com,Inga.Earlie@gmail.com,worker
353,Merrie,Mozelle,Merrie.Mozelle@yopmail.com,Merrie.Mozelle@gmail.com,doctor
354,Vanessa,Berard,Vanessa.Berard@yopmail.com,Vanessa.Berard@gmail.com,firefighter
355,Talya,Gert,Talya.Gert@yopmail.com,Talya.Gert@gmail.com,worker
356,Roslyn,Cristi,Roslyn.Cristi@yopmail.com,Roslyn.Cristi@gmail.com,worker
357,Merry,Phaidra,Merry.Phaidra@yopmail.com,Merry.Phaidra@gmail.com,developer
358,Danny,Sekofski,Danny.Sekofski@yopmail.com,Danny.Sekofski@gmail.com,doctor
359,Abbie,Aldric,Abbie.Aldric@yopmail.com,Abbie.Aldric@gmail.com,developer
360,Jsandye,Jobi,Jsandye.Jobi@yopmail.com,Jsandye.Jobi@gmail.com,firefighter
361,Bettine,Imelida,Bettine.Imelida@yopmail.com,Bettine.Imelida@gmail.com,developer
362,Jeanna,Ethban,Jeanna.Ethban@yopmail.com,Jeanna.Ethban@gmail.com,firefighter
363,Kayla,Quent,Kayla.Quent@yopmail.com,Kayla.Quent@gmail.com,worker
364,Donnie,Carmena,Donnie.Carmena@yopmail.com,Donnie.Carmena@gmail.com,doctor
365,Mallory,Carlson,Mallory.Carlson@yopmail.com,Mallory.Carlson@gmail.com,firefighter
366,Blake,Maryanne,Blake.Maryanne@yopmail.com,Blake.Maryanne@gmail.com,police officer
367,Evita,Moina,Evita.Moina@yopmail.com,Evita.Moina@gmail.com,developer
368,Yetty,Himelman,Yetty.Himelman@yopmail.com,Yetty.Himelman@gmail.com,firefighter
369,Zia,Raseda,Zia.Raseda@yopmail.com,Zia.Raseda@gmail.com,worker
370,Margarette,Dudley,Margarette.Dudley@yopmail.com,Margarette.Dudley@gmail.com,developer
371,Janey,Telfer,Janey.Telfer@yopmail.com,Janey.Telfer@gmail.com,developer
372,Perry,Avi,Perry.Avi@yopmail.com,Perry.Avi@gmail.com,firefighter
373,Cassandra,Ader,Cassandra.Ader@yopmail.com,Cassandra.Ader@gmail.com,developer
374,Kerrin,Johanna,Kerrin.Johanna@yopmail.com,Kerrin.Johanna@gmail.com,firefighter
375,Gretal,Leler,Gretal.Leler@yopmail.com,Gretal.Leler@gmail.com,firefighter
376,Margalo,Ezar,Margalo.Ezar@yopmail.com,Margalo.Ezar@gmail.com,developer
377,Dominga,Ader,Dominga.Ader@yopmail.com,Dominga.Ader@gmail.com,developer
378,Emylee,Firmin,Emylee.Firmin@yopmail.com,Emylee.Firmin@gmail.com,developer
379,Rhea,Kenney,Rhea.Kenney@yopmail.com,Rhea.Kenney@gmail.com,worker
380,Emylee,Niles,Emylee.Niles@yopmail.com,Emylee.Niles@gmail.com,police officer
381,Almeta,Felizio,Almeta.Felizio@yopmail.com,Almeta.Felizio@gmail.com,developer
382,Xylina,Billye,Xylina.Billye@yopmail.com,Xylina.Billye@gmail.com,worker
383,Lynde,Palocz,Lynde.Palocz@yopmail.com,Lynde.Palocz@gmail.com,worker
384,Rosaline,Johanna,Rosaline.Johanna@yopmail.com,Rosaline.Johanna@gmail.com,developer
385,Susette,Jorgan,Susette.Jorgan@yopmail.com,Susette.Jorgan@gmail.com,police officer
386,Madalyn,Barrus,Madalyn.Barrus@yopmail.com,Madalyn.Barrus@gmail.com,firefighter
387,Beverley,Lanita,Beverley.Lanita@yopmail.com,Beverley.Lanita@gmail.com,firefighter
388,Ronna,Mendez,Ronna.Mendez@yopmail.com,Ronna.Mendez@gmail.com,doctor
389,Concettina,Giule,Concettina.Giule@yopmail.com,Concettina.Giule@gmail.com,doctor
390,Willetta,Byrne,Willetta.Byrne@yopmail.com,Willetta.Byrne@gmail.com,doctor
391,Ira,Armanda,Ira.Armanda@yopmail.com,Ira.Armanda@gmail.com,worker
392,Bee,Revkah,Bee.Revkah@yopmail.com,Bee.Revkah@gmail.com,doctor
393,Robbi,Kirstin,Robbi.Kirstin@yopmail.com,Robbi.Kirstin@gmail.com,firefighter
394,Maridel,Freddi,Maridel.Freddi@yopmail.com,Maridel.Freddi@gmail.com,firefighter
395,Molli,Minetta,Molli.Minetta@yopmail.com,Molli.Minetta@gmail.com,doctor
396,Clo,Minetta,Clo.Minetta@yopmail.com,Clo.Minetta@gmail.com,worker
397,Lusa,Milson,Lusa.Milson@yopmail.com,Lusa.Milson@gmail.com,police officer
398,Karly,Ade,Karly.Ade@yopmail.com,Karly.Ade@gmail.com,police officer
399,Shandie,Ardra,Shandie.Ardra@yopmail.com,Shandie.Ardra@gmail.com,police officer
400,Hermione,Tremayne,Hermione.Tremayne@yopmail.com,Hermione.Tremayne@gmail.com,firefighter
401,Dorthy,Margret,Dorthy.Margret@yopmail.com,Dorthy.Margret@gmail.com,firefighter
402,Nessie,Lane,Nessie.Lane@yopmail.com,Nessie.Lane@gmail.com,developer
403,Konstance,Nance,Konstance.Nance@yopmail.com,Konstance.Nance@gmail.com,doctor
404,Rochette,Sammons,Rochette.Sammons@yopmail.com,Rochette.Sammons@gmail.com,firefighter
405,Kary,Bonilla,Kary.Bonilla@yopmail.com,Kary.Bonilla@gmail.com,developer
406,Abbie,Cleavland,Abbie.Cleavland@yopmail.com,Abbie.Cleavland@gmail.com,police officer
407,Ariela,Goldina,Ariela.Goldina@yopmail.com,Ariela.Goldina@gmail.com,firefighter
408,Agathe,Hull,Agathe.Hull@yopmail.com,Agathe.Hull@gmail.com,developer
409,Angelique,Georas,Angelique.Georas@yopmail.com,Angelique.Georas@gmail.com,police officer
410,Carol-Jean,Anton,Carol-Jean.Anton@yopmail.com,Carol-Jean.Anton@gmail.com,firefighter
411,Aubrie,Poll,Aubrie.Poll@yopmail.com,Aubrie.Poll@gmail.com,developer
412,Keelia,Abernon,Keelia.Abernon@yopmail.com,Keelia.Abernon@gmail.com,doctor
413,Jsandye,Earlie,Jsandye.Earlie@yopmail.com,Jsandye.Earlie@gmail.com,doctor
414,Leona,Stanwood,Leona.Stanwood@yopmail.com,Leona.Stanwood@gmail.com,developer
415,Cristine,Jarib,Cristine.Jarib@yopmail.com,Cristine.Jarib@gmail.com,firefighter
416,Marguerite,Haerr,Marguerite.Haerr@yopmail.com,Marguerite.Haerr@gmail.com,worker
417,Dorice,Persse,Dorice.Persse@yopmail.com,Dorice.Persse@gmail.com,worker
418,Gusty,Pettiford,Gusty.Pettiford@yopmail.com,Gusty.Pettiford@gmail.com,worker
419,Lolita,Japeth,Lolita.Japeth@yopmail.com,Lolita.Japeth@gmail.com,police officer
420,Dorice,Rugen,Dorice.Rugen@yopmail.com,Dorice.Rugen@gmail.com,worker
421,Ernesta,Florina,Ernesta.Florina@yopmail.com,Ernesta.Florina@gmail.com,firefighter
422,Micheline,Bouchard,Micheline.Bouchard@yopmail.com,Micheline.Bouchard@gmail.com,police officer
423,Sallie,Bivins,Sallie.Bivins@yopmail.com,Sallie.Bivins@gmail.com,developer
424,Tressa,Anselmi,Tressa.Anselmi@yopmail.com,Tressa.Anselmi@gmail.com,firefighter
425,Jillayne,Kazimir,Jillayne.Kazimir@yopmail.com,Jillayne.Kazimir@gmail.com,police officer
426,Coral,Hubert,Coral.Hubert@yopmail.com,Coral.Hubert@gmail.com,developer
427,Fanchon,Olnee,Fanchon.Olnee@yopmail.com,Fanchon.Olnee@gmail.com,firefighter
428,Nadine,Garlinda,Nadine.Garlinda@yopmail.com,Nadine.Garlinda@gmail.com,firefighter
429,Gerianna,Breed,Gerianna.Breed@yopmail.com,Gerianna.Breed@gmail.com,worker
430,Hermione,Carey,Hermione.Carey@yopmail.com,Hermione.Carey@gmail.com,doctor
431,Jasmina,Tayib,Jasmina.Tayib@yopmail.com,Jasmina.Tayib@gmail.com,developer
432,Charmaine,Ax,Charmaine.Ax@yopmail.com,Charmaine.Ax@gmail.com,firefighter
433,Sibella,Monk,Sibella.Monk@yopmail.com,Sibella.Monk@gmail.com,firefighter
434,Jacquetta,Bollay,Jacquetta.Bollay@yopmail.com,Jacquetta.Bollay@gmail.com,developer
435,Mamie,Jenness,Mamie.Jenness@yopmail.com,Mamie.Jenness@gmail.com,worker
436,Kathi,Giule,Kathi.Giule@yopmail.com,Kathi.Giule@gmail.com,firefighter
437,Kalina,Bow,Kalina.Bow@yopmail.com,Kalina.Bow@gmail.com,worker
438,Basia,Markman,Basia.Markman@yopmail.com,Basia.Markman@gmail.com,police officer
439,Nelle,Zeeba,Nelle.Zeeba@yopmail.com,Nelle.Zeeba@gmail.com,worker
440,Phedra,Anselmi,Phedra.Anselmi@yopmail.com,Phedra.Anselmi@gmail.com,firefighter
441,Celisse,Arne,Celisse.Arne@yopmail.com,Celisse.Arne@gmail.com,firefighter
442,Georgina,Travax,Georgina.Travax@yopmail.com,Georgina.Travax@gmail.com,firefighter
443,Gilda,Laverne,Gilda.Laverne@yopmail.com,Gilda.Laverne@gmail.com,developer
444,Dorene,Prouty,Dorene.Prouty@yopmail.com,Dorene.Prouty@gmail.com,police officer
445,Kellen,Lia,Kellen.Lia@yopmail.com,Kellen.Lia@gmail.com,police officer
446,Elbertina,Raffo,Elbertina.Raffo@yopmail.com,Elbertina.Raffo@gmail.com,worker
447,Andree,Papageno,Andree.Papageno@yopmail.com,Andree.Papageno@gmail.com,firefighter
448,Nita,Wilona,Nita.Wilona@yopmail.com,Nita.Wilona@gmail.com,firefighter
449,Alisha,Jerold,Alisha.Jerold@yopmail.com,Alisha.Jerold@gmail.com,firefighter
450,Viviene,Ehrman,Viviene.Ehrman@yopmail.com,Viviene.Ehrman@gmail.com,police officer
451,Alleen,Schroth,Alleen.Schroth@yopmail.com,Alleen.Schroth@gmail.com,worker
452,Nyssa,Bakerman,Nyssa.Bakerman@yopmail.com,Nyssa.Bakerman@gmail.com,doctor
453,Elie,Stelle,Elie.Stelle@yopmail.com,Elie.Stelle@gmail.com,developer
454,Susan,Kamaria,Susan.Kamaria@yopmail.com,Susan.Kamaria@gmail.com,worker
455,Maye,Astra,Maye.Astra@yopmail.com,Maye.Astra@gmail.com,police officer
456,Raf,Redmond,Raf.Redmond@yopmail.com,Raf.Redmond@gmail.com,worker
457,Jenda,Cloris,Jenda.Cloris@yopmail.com,Jenda.Cloris@gmail.com,worker
458,Lonnie,Revkah,Lonnie.Revkah@yopmail.com,Lonnie.Revkah@gmail.com,worker
459,Arlena,Maxi,Arlena.Maxi@yopmail.com,Arlena.Maxi@gmail.com,police officer
460,Jackie,Concha,Jackie.Concha@yopmail.com,Jackie.Concha@gmail.com,worker
461,Courtnay,Truc,Courtnay.Truc@yopmail.com,Courtnay.Truc@gmail.com,doctor
462,Halette,Ivens,Halette.Ivens@yopmail.com,Halette.Ivens@gmail.com,firefighter
463,Phedra,Felizio,Phedra.Felizio@yopmail.com,Phedra.Felizio@gmail.com,developer
464,Veda,Infield,Veda.Infield@yopmail.com,Veda.Infield@gmail.com,worker
465,Shell,Schwejda,Shell.Schwejda@yopmail.com,Shell.Schwejda@gmail.com,firefighter
466,Yetty,Celestine,Yetty.Celestine@yopmail.com,Yetty.Celestine@gmail.com,police officer
467,Jean,Dominy,Jean.Dominy@yopmail.com,Jean.Dominy@gmail.com,developer
468,Katuscha,Francene,Katuscha.Francene@yopmail.com,Katuscha.Francene@gmail.com,doctor
469,Tracey,Dulciana,Tracey.Dulciana@yopmail.com,Tracey.Dulciana@gmail.com,developer
470,Ann-Marie,Ammann,Ann-Marie.Ammann@yopmail.com,Ann-Marie.Ammann@gmail.com,firefighter
471,Maryellen,Munn,Maryellen.Munn@yopmail.com,Maryellen.Munn@gmail.com,worker
472,Dulcinea,Alcott,Dulcinea.Alcott@yopmail.com,Dulcinea.Alcott@gmail.com,developer
473,Cathyleen,Christine,Cathyleen.Christine@yopmail.com,Cathyleen.Christine@gmail.com,developer
474,Mureil,Engdahl,Mureil.Engdahl@yopmail.com,Mureil.Engdahl@gmail.com,worker
475,Berta,O'Carroll,Berta.O'Carroll@yopmail.com,Berta.O'Carroll@gmail.com,police officer
476,Lila,Lymann,Lila.Lymann@yopmail.com,Lila.Lymann@gmail.com,police officer
477,Elise,Latini,Elise.Latini@yopmail.com,Elise.Latini@gmail.com,firefighter
478,Valli,Kravits,Valli.Kravits@yopmail.com,Valli.Kravits@gmail.com,firefighter
479,Jolyn,Wareing,Jolyn.Wareing@yopmail.com,Jolyn.Wareing@gmail.com,worker
480,Neila,Delila,Neila.Delila@yopmail.com,Neila.Delila@gmail.com,worker
481,Catharine,Bonucci,Catharine.Bonucci@yopmail.com,Catharine.Bonucci@gmail.com,firefighter
482,Ann-Marie,Birdella,Ann-Marie.Birdella@yopmail.com,Ann-Marie.Birdella@gmail.com,developer
483,Chrystel,Loeb,Chrystel.Loeb@yopmail.com,Chrystel.Loeb@gmail.com,developer
484,Elbertina,Edee,Elbertina.Edee@yopmail.com,Elbertina.Edee@gmail.com,firefighter
485,Angelique,Ashely,Angelique.Ashely@yopmail.com,Angelique.Ashely@gmail.com,firefighter
486,Marsiella,Lay,Marsiella.Lay@yopmail.com,Marsiella.Lay@gmail.com,firefighter
487,Dianemarie,Silvan,Dianemarie.Silvan@yopmail.com,Dianemarie.Silvan@gmail.com,worker
488,Jeanna,Lane,Jeanna.Lane@yopmail.com,Jeanna.Lane@gmail.com,worker
489,Gloria,Taam,Gloria.Taam@yopmail.com,Gloria.Taam@gmail.com,worker
490,Frances,Bronk,Frances.Bronk@yopmail.com,Frances.Bronk@gmail.com,doctor
491,Judy,Erlandson,Judy.Erlandson@yopmail.com,Judy.Erlandson@gmail.com,firefighter
492,Mallory,Felizio,Mallory.Felizio@yopmail.com,Mallory.Felizio@gmail.com,police officer
493,Lacie,Aurelio,Lacie.Aurelio@yopmail.com,Lacie.Aurelio@gmail.com,doctor
494,Meg,Seessel,Meg.Seessel@yopmail.com,Meg.Seessel@gmail.com,police officer
495,Lila,Maryanne,Lila.Maryanne@yopmail.com,Lila.Maryanne@gmail.com,worker
496,Krystle,Sholley,Krystle.Sholley@yopmail.com,Krystle.Sholley@gmail.com,police officer
497,Etta,Robertson,Etta.Robertson@yopmail.com,Etta.Robertson@gmail.com,firefighter
498,Meg,Arvo,Meg.Arvo@yopmail.com,Meg.Arvo@gmail.com,worker
499,Therine,Wind,Therine.Wind@yopmail.com,Therine.Wind@gmail.com,doctor
500,Nannie,Telfer,Nannie.Telfer@yopmail.com,Nannie.Telfer@gmail.com,police officer
501,Edith,Mallon,Edith.Mallon@yopmail.com,Edith.Mallon@gmail.com,worker
502,Estell,Fitzsimmons,Estell.Fitzsimmons@yopmail.com,Estell.Fitzsimmons@gmail.com,police officer
503,Fayre,Hewitt,Fayre.Hewitt@yopmail.com,Fayre.Hewitt@gmail.com,doctor
504,Roz,Alexandr,Roz.Alexandr@yopmail.com,Roz.Alexandr@gmail.com,developer
505,Brynna,Ortrude,Brynna.Ortrude@yopmail.com,Brynna.Ortrude@gmail.com,doctor
506,Cassondra,Cloris,Cassondra.Cloris@yopmail.com,Cassondra.Cloris@gmail.com,worker
507,Jenilee,Cynar,Jenilee.Cynar@yopmail.com,Jenilee.Cynar@gmail.com,worker
508,Kary,Morrill,Kary.Morrill@yopmail.com,Kary.Morrill@gmail.com,firefighter
509,Fredericka,Allare,Fredericka.Allare@yopmail.com,Fredericka.Allare@gmail.com,firefighter
510,Mireielle,Smitt,Mireielle.Smitt@yopmail.com,Mireielle.Smitt@gmail.com,doctor
511,Lanae,Palocz,Lanae.Palocz@yopmail.com,Lanae.Palocz@gmail.com,worker
512,Flory,Rudolph,Flory.Rudolph@yopmail.com,Flory.Rudolph@gmail.com,police officer
513,Dorice,Jalbert,Dorice.Jalbert@yopmail.com,Dorice.Jalbert@gmail.com,police officer
514,Lexine,Estella,Lexine.Estella@yopmail.com,Lexine.Estella@gmail.com,police officer
515,Tonia,Monk,Tonia.Monk@yopmail.com,Tonia.Monk@gmail.com,worker
516,Britte,Fillbert,Britte.Fillbert@yopmail.com,Britte.Fillbert@gmail.com,doctor
517,Sashenka,Saunderson,Sashenka.Saunderson@yopmail.com,Sashenka.Saunderson@gmail.com,firefighter
518,Reeba,Melan,Reeba.Melan@yopmail.com,Reeba.Melan@gmail.com,doctor
519,Dagmar,Lalitta,Dagmar.Lalitta@yopmail.com,Dagmar.Lalitta@gmail.com,doctor
520,Randa,Baudin,Randa.Baudin@yopmail.com,Randa.Baudin@gmail.com,police officer
521,Paulita,Allys,Paulita.Allys@yopmail.com,Paulita.Allys@gmail.com,firefighter
522,Concettina,Wolfgram,Concettina.Wolfgram@yopmail.com,Concettina.Wolfgram@gmail.com,developer
523,Lesly,Magdalen,Lesly.Magdalen@yopmail.com,Lesly.Magdalen@gmail.com,doctor
524,Cassondra,Erich,Cassondra.Erich@yopmail.com,Cassondra.Erich@gmail.com,firefighter
525,Carly,Dorcy,Carly.Dorcy@yopmail.com,Carly.Dorcy@gmail.com,police officer
526,Xylina,Raychel,Xylina.Raychel@yopmail.com,Xylina.Raychel@gmail.com,developer
527,Mildrid,Manolo,Mildrid.Manolo@yopmail.com,Mildrid.Manolo@gmail.com,worker
528,Cassondra,Hewitt,Cassondra.Hewitt@yopmail.com,Cassondra.Hewitt@gmail.com,developer
529,Barbara,Shanley,Barbara.Shanley@yopmail.com,Barbara.Shanley@gmail.com,worker
530,Shaine,Aldric,Shaine.Aldric@yopmail.com,Shaine.Aldric@gmail.com,developer
531,Cordi,Ricarda,Cordi.Ricarda@yopmail.com,Cordi.Ricarda@gmail.com,worker
532,Briney,Kevon,Briney.Kevon@yopmail.com,Briney.Kevon@gmail.com,doctor
533,Courtnay,Tacye,Courtnay.Tacye@yopmail.com,Courtnay.Tacye@gmail.com,doctor
534,Evaleen,Anyah,Evaleen.Anyah@yopmail.com,Evaleen.Anyah@gmail.com,developer
535,Libbie,Yorick,Libbie.Yorick@yopmail.com,Libbie.Yorick@gmail.com,firefighter
536,Dyann,Durante,Dyann.Durante@yopmail.com,Dyann.Durante@gmail.com,doctor
537,Annaliese,Malina,Annaliese.Malina@yopmail.com,Annaliese.Malina@gmail.com,firefighter
538,Christy,Daniele,Christy.Daniele@yopmail.com,Christy.Daniele@gmail.com,developer
539,Robbi,Michella,Robbi.Michella@yopmail.com,Robbi.Michella@gmail.com,firefighter
540,Donnie,Idelia,Donnie.Idelia@yopmail.com,Donnie.Idelia@gmail.com,firefighter
541,Micheline,Adrienne,Micheline.Adrienne@yopmail.com,Micheline.Adrienne@gmail.com,worker
542,Brena,Pyle,Brena.Pyle@yopmail.com,Brena.Pyle@gmail.com,developer
543,Selma,Darian,Selma.Darian@yopmail.com,Selma.Darian@gmail.com,doctor
544,Helsa,Wandie,Helsa.Wandie@yopmail.com,Helsa.Wandie@gmail.com,worker
545,Cassondra,Lunsford,Cassondra.Lunsford@yopmail.com,Cassondra.Lunsford@gmail.com,doctor
546,Meghann,Munn,Meghann.Munn@yopmail.com,Meghann.Munn@gmail.com,police officer
547,Felice,Ummersen,Felice.Ummersen@yopmail.com,Felice.Ummersen@gmail.com,firefighter
548,Beatriz,Bettine,Beatriz.Bettine@yopmail.com,Beatriz.Bettine@gmail.com,doctor
549,Dari,Erminia,Dari.Erminia@yopmail.com,Dari.Erminia@gmail.com,worker
550,Elie,Bord,Elie.Bord@yopmail.com,Elie.Bord@gmail.com,doctor
551,Marita,Vanni,Marita.Vanni@yopmail.com,Marita.Vanni@gmail.com,police officer
552,Rosanne,Vale,Rosanne.Vale@yopmail.com,Rosanne.Vale@gmail.com,developer
553,Fred,Lattie,Fred.Lattie@yopmail.com,Fred.Lattie@gmail.com,firefighter
554,Paule,Amethist,Paule.Amethist@yopmail.com,Paule.Amethist@gmail.com,police officer
555,Evaleen,Poll,Evaleen.Poll@yopmail.com,Evaleen.Poll@gmail.com,police officer
556,Eugine,Frodi,Eugine.Frodi@yopmail.com,Eugine.Frodi@gmail.com,firefighter
557,Sindee,Havens,Sindee.Havens@yopmail.com,Sindee.Havens@gmail.com,doctor
558,Gisela,Bronk,Gisela.Bronk@yopmail.com,Gisela.Bronk@gmail.com,developer
559,Carol-Jean,Jethro,Carol-Jean.Jethro@yopmail.com,Carol-Jean.Jethro@gmail.com,doctor
560,Daune,Raama,Daune.Raama@yopmail.com,Daune.Raama@gmail.com,developer
561,Gwenneth,Pattin,Gwenneth.Pattin@yopmail.com,Gwenneth.Pattin@gmail.com,worker
562,Annecorinne,Bluh,Annecorinne.Bluh@yopmail.com,Annecorinne.Bluh@gmail.com,doctor
563,Caritta,Liebermann,Caritta.Liebermann@yopmail.com,Caritta.Liebermann@gmail.com,doctor
564,Lucy,Berard,Lucy.Berard@yopmail.com,Lucy.Berard@gmail.com,firefighter
565,Gabi,Zamora,Gabi.Zamora@yopmail.com,Gabi.Zamora@gmail.com,developer
566,Halette,Pyle,Halette.Pyle@yopmail.com,Halette.Pyle@gmail.com,firefighter
567,Romona,Estella,Romona.Estella@yopmail.com,Romona.Estella@gmail.com,doctor
568,Drucie,Madaih,Drucie.Madaih@yopmail.com,Drucie.Madaih@gmail.com,firefighter
569,Lexine,Barbey,Lexine.Barbey@yopmail.com,Lexine.Barbey@gmail.com,developer
570,Dorthy,Tyson,Dorthy.Tyson@yopmail.com,Dorthy.Tyson@gmail.com,police officer
571,Kittie,Richers,Kittie.Richers@yopmail.com,Kittie.Richers@gmail.com,doctor
572,Genovera,Demitria,Genovera.Demitria@yopmail.com,Genovera.Demitria@gmail.com,doctor
573,Atlanta,Gilbertson,Atlanta.Gilbertson@yopmail.com,Atlanta.Gilbertson@gmail.com,firefighter
574,Shel,Raul,Shel.Raul@yopmail.com,Shel.Raul@gmail.com,worker
575,Carlie,McNully,Carlie.McNully@yopmail.com,Carlie.McNully@gmail.com,worker
576,Sallie,Timon,Sallie.Timon@yopmail.com,Sallie.Timon@gmail.com,doctor
577,Lucille,Roscoe,Lucille.Roscoe@yopmail.com,Lucille.Roscoe@gmail.com,worker
578,Tilly,Ludewig,Tilly.Ludewig@yopmail.com,Tilly.Ludewig@gmail.com,worker
579,Lolita,Raama,Lolita.Raama@yopmail.com,Lolita.Raama@gmail.com,firefighter
580,Linzy,Dyche,Linzy.Dyche@yopmail.com,Linzy.Dyche@gmail.com,doctor
581,Gilligan,Jacqui,Gilligan.Jacqui@yopmail.com,Gilligan.Jacqui@gmail.com,firefighter
582,Farrah,Annabella,Farrah.Annabella@yopmail.com,Farrah.Annabella@gmail.com,doctor
583,Alejandra,Kiyoshi,Alejandra.Kiyoshi@yopmail.com,Alejandra.Kiyoshi@gmail.com,developer
584,Roslyn,Schenck,Roslyn.Schenck@yopmail.com,Roslyn.Schenck@gmail.com,worker
585,Xylina,Jethro,Xylina.Jethro@yopmail.com,Xylina.Jethro@gmail.com,doctor
586,Celisse,Tamar,Celisse.Tamar@yopmail.com,Celisse.Tamar@gmail.com,worker
587,Romona,Jillane,Romona.Jillane@yopmail.com,Romona.Jillane@gmail.com,worker
588,Hyacinthe,Sandye,Hyacinthe.Sandye@yopmail.com,Hyacinthe.Sandye@gmail.com,doctor
589,Carly,Eliathas,Carly.Eliathas@yopmail.com,Carly.Eliathas@gmail.com,developer
590,Audrie,Lalitta,Audrie.Lalitta@yopmail.com,Audrie.Lalitta@gmail.com,worker
591,Edee,Carbo,Edee.Carbo@yopmail.com,Edee.Carbo@gmail.com,doctor
592,Shirlee,Garbe,Shirlee.Garbe@yopmail.com,Shirlee.Garbe@gmail.com,firefighter
593,Myriam,Gualtiero,Myriam.Gualtiero@yopmail.com,Myriam.Gualtiero@gmail.com,police officer
594,Rosene,Cleavland,Rosene.Cleavland@yopmail.com,Rosene.Cleavland@gmail.com,police officer
595,Blondelle,Charmine,Blondelle.Charmine@yopmail.com,Blondelle.Charmine@gmail.com,worker
596,Chandra,Grimbly,Chandra.Grimbly@yopmail.com,Chandra.Grimbly@gmail.com,developer
597,Calla,Santoro,Calla.Santoro@yopmail.com,Calla.Santoro@gmail.com,doctor
598,Catrina,Cadmar,Catrina.Cadmar@yopmail.com,Catrina.Cadmar@gmail.com,police officer
599,Janeczka,Pierette,Janeczka.Pierette@yopmail.com,Janeczka.Pierette@gmail.com,developer
600,Frances,Soneson,Frances.Soneson@yopmail.com,Frances.Soneson@gmail.com,doctor
601,Keelia,Rooney,Keelia.Rooney@yopmail.com,Keelia.Rooney@gmail.com,doctor
602,Marti,Jobi,Marti.Jobi@yopmail.com,Marti.Jobi@gmail.com,worker
603,Lynnea,Delp,Lynnea.Delp@yopmail.com,Lynnea.Delp@gmail.com,worker
604,Kial,Si,Kial.Si@yopmail.com,Kial.Si@gmail.com,firefighter
605,Karly,Esmaria,Karly.Esmaria@yopmail.com,Karly.Esmaria@gmail.com,doctor
606,Mildrid,Allina,Mildrid.Allina@yopmail.com,Mildrid.Allina@gmail.com,developer
607,Ana,Uird,Ana.Uird@yopmail.com,Ana.Uird@gmail.com,police officer
608,Penelopa,Mallon,Penelopa.Mallon@yopmail.com,Penelopa.Mallon@gmail.com,firefighter
609,Olivette,Bach,Olivette.Bach@yopmail.com,Olivette.Bach@gmail.com,police officer
610,Rhea,Yusuk,Rhea.Yusuk@yopmail.com,Rhea.Yusuk@gmail.com,worker
611,Codie,Krystle,Codie.Krystle@yopmail.com,Codie.Krystle@gmail.com,worker
612,Yetty,Glovsky,Yetty.Glovsky@yopmail.com,Yetty.Glovsky@gmail.com,developer
613,Therine,Desai,Therine.Desai@yopmail.com,Therine.Desai@gmail.com,worker
614,Claresta,Vharat,Claresta.Vharat@yopmail.com,Claresta.Vharat@gmail.com,firefighter
615,Gui,Hathaway,Gui.Hathaway@yopmail.com,Gui.Hathaway@gmail.com,police officer
616,Zondra,Natalia,Zondra.Natalia@yopmail.com,Zondra.Natalia@gmail.com,worker
617,Korrie,Alva,Korrie.Alva@yopmail.com,Korrie.Alva@gmail.com,developer
618,Kathi,Dom,Kathi.Dom@yopmail.com,Kathi.Dom@gmail.com,worker
619,Orelia,Bonilla,Orelia.Bonilla@yopmail.com,Orelia.Bonilla@gmail.com,developer
620,Alyssa,Tacye,Alyssa.Tacye@yopmail.com,Alyssa.Tacye@gmail.com,developer
621,Augustine,Joeann,Augustine.Joeann@yopmail.com,Augustine.Joeann@gmail.com,worker
622,Dale,Japeth,Dale.Japeth@yopmail.com,Dale.Japeth@gmail.com,doctor
623,Rhoda,Nisbet,Rhoda.Nisbet@yopmail.com,Rhoda.Nisbet@gmail.com,worker
624,Stacey,Albertine,Stacey.Albertine@yopmail.com,Stacey.Albertine@gmail.com,doctor
625,Mariann,Sheedy,Mariann.Sheedy@yopmail.com,Mariann.Sheedy@gmail.com,police officer
626,Eadie,Rillings,Eadie.Rillings@yopmail.com,Eadie.Rillings@gmail.com,doctor
627,Angelique,Thilda,Angelique.Thilda@yopmail.com,Angelique.Thilda@gmail.com,developer
628,Jessamyn,Raseda,Jessamyn.Raseda@yopmail.com,Jessamyn.Raseda@gmail.com,police officer
629,Silvana,Haldas,Silvana.Haldas@yopmail.com,Silvana.Haldas@gmail.com,police officer
630,Margarette,Yam,Margarette.Yam@yopmail.com,Margarette.Yam@gmail.com,worker
631,Chloris,Melan,Chloris.Melan@yopmail.com,Chloris.Melan@gmail.com,police officer
632,Jany,Weinreb,Jany.Weinreb@yopmail.com,Jany.Weinreb@gmail.com,doctor
633,Shaylyn,Pearse,Shaylyn.Pearse@yopmail.com,Shaylyn.Pearse@gmail.com,police officer
634,Kirbee,Zitvaa,Kirbee.Zitvaa@yopmail.com,Kirbee.Zitvaa@gmail.com,developer
635,Jean,Macey,Jean.Macey@yopmail.com,Jean.Macey@gmail.com,doctor
636,Lulita,Hollingsworth,Lulita.Hollingsworth@yopmail.com,Lulita.Hollingsworth@gmail.com,doctor
637,Carlie,Kauppi,Carlie.Kauppi@yopmail.com,Carlie.Kauppi@gmail.com,worker
638,Britni,Vittoria,Britni.Vittoria@yopmail.com,Britni.Vittoria@gmail.com,doctor
639,Nita,Podvin,Nita.Podvin@yopmail.com,Nita.Podvin@gmail.com,doctor
640,Nessie,Dex,Nessie.Dex@yopmail.com,Nessie.Dex@gmail.com,firefighter
641,Sue,Rudolph,Sue.Rudolph@yopmail.com,Sue.Rudolph@gmail.com,firefighter
642,Tierney,Jary,Tierney.Jary@yopmail.com,Tierney.Jary@gmail.com,developer
643,Josephine,Bonilla,Josephine.Bonilla@yopmail.com,Josephine.Bonilla@gmail.com,developer
644,Stephanie,Peg,Stephanie.Peg@yopmail.com,Stephanie.Peg@gmail.com,worker
645,Fanny,Freddi,Fanny.Freddi@yopmail.com,Fanny.Freddi@gmail.com,police officer
646,Lindie,Dearborn,Lindie.Dearborn@yopmail.com,Lindie.Dearborn@gmail.com,worker
647,Trixi,Cordi,Trixi.Cordi@yopmail.com,Trixi.Cordi@gmail.com,doctor
648,Sara-Ann,Ivens,Sara-Ann.Ivens@yopmail.com,Sara-Ann.Ivens@gmail.com,firefighter
649,Kara-Lynn,Madox,Kara-Lynn.Madox@yopmail.com,Kara-Lynn.Madox@gmail.com,developer
650,Gerrie,Faust,Gerrie.Faust@yopmail.com,Gerrie.Faust@gmail.com,police officer
651,Selma,Tarrant,Selma.Tarrant@yopmail.com,Selma.Tarrant@gmail.com,police officer
652,Georgina,Jess,Georgina.Jess@yopmail.com,Georgina.Jess@gmail.com,police officer
653,Ursulina,Atcliffe,Ursulina.Atcliffe@yopmail.com,Ursulina.Atcliffe@gmail.com,doctor
654,Corina,Daegal,Corina.Daegal@yopmail.com,Corina.Daegal@gmail.com,worker
655,Deedee,Bari,Deedee.Bari@yopmail.com,Deedee.Bari@gmail.com,police officer
656,Codie,Stoller,Codie.Stoller@yopmail.com,Codie.Stoller@gmail.com,worker
657,Corry,Moina,Corry.Moina@yopmail.com,Corry.Moina@gmail.com,firefighter
658,Concettina,Podvin,Concettina.Podvin@yopmail.com,Concettina.Podvin@gmail.com,police officer
659,Winny,Sikorski,Winny.Sikorski@yopmail.com,Winny.Sikorski@gmail.com,doctor
660,Chloris,Mintz,Chloris.Mintz@yopmail.com,Chloris.Mintz@gmail.com,worker
661,Daphne,Georgy,Daphne.Georgy@yopmail.com,Daphne.Georgy@gmail.com,worker
662,Courtnay,Argus,Courtnay.Argus@yopmail.com,Courtnay.Argus@gmail.com,firefighter
663,Lizzie,Trey,Lizzie.Trey@yopmail.com,Lizzie.Trey@gmail.com,worker
664,Deedee,Gusella,Deedee.Gusella@yopmail.com,Deedee.Gusella@gmail.com,firefighter
665,Ruthe,Gaal,Ruthe.Gaal@yopmail.com,Ruthe.Gaal@gmail.com,developer
666,Melina,Eachern,Melina.Eachern@yopmail.com,Melina.Eachern@gmail.com,police officer
667,Bill,Barney,Bill.Barney@yopmail.com,Bill.Barney@gmail.com,doctor
668,Carol-Jean,Ellerey,Carol-Jean.Ellerey@yopmail.com,Carol-Jean.Ellerey@gmail.com,worker
669,Teriann,Buckler,Teriann.Buckler@yopmail.com,Teriann.Buckler@gmail.com,doctor
670,Yvonne,Margret,Yvonne.Margret@yopmail.com,Yvonne.Margret@gmail.com,developer
671,Sybille,Lacombe,Sybille.Lacombe@yopmail.com,Sybille.Lacombe@gmail.com,developer
672,Karina,Nunci,Karina.Nunci@yopmail.com,Karina.Nunci@gmail.com,developer
673,Frances,Erminia,Frances.Erminia@yopmail.com,Frances.Erminia@gmail.com,doctor
674,Trixi,Guthrie,Trixi.Guthrie@yopmail.com,Trixi.Guthrie@gmail.com,firefighter
675,Kore,Turne,Kore.Turne@yopmail.com,Kore.Turne@gmail.com,developer
676,Britni,Kenwood,Britni.Kenwood@yopmail.com,Britni.Kenwood@gmail.com,worker
677,Mariann,Hedve,Mariann.Hedve@yopmail.com,Mariann.Hedve@gmail.com,developer
678,Myriam,Gaal,Myriam.Gaal@yopmail.com,Myriam.Gaal@gmail.com,doctor
679,Ingrid,Publia,Ingrid.Publia@yopmail.com,Ingrid.Publia@gmail.com,doctor
680,Nananne,Bobbee,Nananne.Bobbee@yopmail.com,Nananne.Bobbee@gmail.com,firefighter
681,Molli,Delacourt,Molli.Delacourt@yopmail.com,Molli.Delacourt@gmail.com,firefighter
682,Millie,Madaih,Millie.Madaih@yopmail.com,Millie.Madaih@gmail.com,firefighter
683,Lacie,Mitzi,Lacie.Mitzi@yopmail.com,Lacie.Mitzi@gmail.com,firefighter
684,Oralee,Gahl,Oralee.Gahl@yopmail.com,Oralee.Gahl@gmail.com,firefighter
685,Tressa,Taam,Tressa.Taam@yopmail.com,Tressa.Taam@gmail.com,firefighter
686,Binny,Sisile,Binny.Sisile@yopmail.com,Binny.Sisile@gmail.com,firefighter
687,Lonnie,Arley,Lonnie.Arley@yopmail.com,Lonnie.Arley@gmail.com,worker
688,Lexine,Giule,Lexine.Giule@yopmail.com,Lexine.Giule@gmail.com,firefighter
689,Ricky,Croix,Ricky.Croix@yopmail.com,Ricky.Croix@gmail.com,developer
690,Quintina,Ludewig,Quintina.Ludewig@yopmail.com,Quintina.Ludewig@gmail.com,developer
691,Christal,Nea,Christal.Nea@yopmail.com,Christal.Nea@gmail.com,worker
692,Jan,Milson,Jan.Milson@yopmail.com,Jan.Milson@gmail.com,developer
693,Maurene,Poppy,Maurene.Poppy@yopmail.com,Maurene.Poppy@gmail.com,worker
694,Anestassia,Rosette,Anestassia.Rosette@yopmail.com,Anestassia.Rosette@gmail.com,police officer
695,Gloria,Cristi,Gloria.Cristi@yopmail.com,Gloria.Cristi@gmail.com,firefighter
696,Tracey,Mathilde,Tracey.Mathilde@yopmail.com,Tracey.Mathilde@gmail.com,worker
697,Hayley,Sundin,Hayley.Sundin@yopmail.com,Hayley.Sundin@gmail.com,police officer
698,Basia,Berl,Basia.Berl@yopmail.com,Basia.Berl@gmail.com,worker
699,Dennie,Jary,Dennie.Jary@yopmail.com,Dennie.Jary@gmail.com,firefighter
700,Josephine,Bollay,Josephine.Bollay@yopmail.com,Josephine.Bollay@gmail.com,firefighter
701,Calla,Audly,Calla.Audly@yopmail.com,Calla.Audly@gmail.com,worker
702,Lindie,Zeeba,Lindie.Zeeba@yopmail.com,Lindie.Zeeba@gmail.com,firefighter
703,Orelia,Craggie,Orelia.Craggie@yopmail.com,Orelia.Craggie@gmail.com,developer
704,Kellen,Shelba,Kellen.Shelba@yopmail.com,Kellen.Shelba@gmail.com,firefighter
705,Dorothy,Sabella,Dorothy.Sabella@yopmail.com,Dorothy.Sabella@gmail.com,police officer
706,Cathie,Sperling,Cathie.Sperling@yopmail.com,Cathie.Sperling@gmail.com,firefighter
707,Oralee,Nisbet,Oralee.Nisbet@yopmail.com,Oralee.Nisbet@gmail.com,police officer
708,Antonietta,Lucienne,Antonietta.Lucienne@yopmail.com,Antonietta.Lucienne@gmail.com,worker
709,Sheelagh,Emanuel,Sheelagh.Emanuel@yopmail.com,Sheelagh.Emanuel@gmail.com,doctor
710,Merle,Vorster,Merle.Vorster@yopmail.com,Merle.Vorster@gmail.com,firefighter
711,Wilma,Ambrosia,Wilma.Ambrosia@yopmail.com,Wilma.Ambrosia@gmail.com,firefighter
712,Valeda,Gaynor,Valeda.Gaynor@yopmail.com,Valeda.Gaynor@gmail.com,worker
713,Jere,Dimitris,Jere.Dimitris@yopmail.com,Jere.Dimitris@gmail.com,doctor
714,Talya,McClimans,Talya.McClimans@yopmail.com,Talya.McClimans@gmail.com,firefighter
715,Phylis,Ciro,Phylis.Ciro@yopmail.com,Phylis.Ciro@gmail.com,police officer
716,Berta,Durante,Berta.Durante@yopmail.com,Berta.Durante@gmail.com,worker
717,Sissy,Mandler,Sissy.Mandler@yopmail.com,Sissy.Mandler@gmail.com,doctor
718,Merle,Seessel,Merle.Seessel@yopmail.com,Merle.Seessel@gmail.com,police officer
719,Olivette,Maurine,Olivette.Maurine@yopmail.com,Olivette.Maurine@gmail.com,developer
720,Dennie,Bethany,Dennie.Bethany@yopmail.com,Dennie.Bethany@gmail.com,firefighter
721,Dianemarie,Vernier,Dianemarie.Vernier@yopmail.com,Dianemarie.Vernier@gmail.com,police officer
722,Annaliese,Alisia,Annaliese.Alisia@yopmail.com,Annaliese.Alisia@gmail.com,developer
723,Belinda,Grayce,Belinda.Grayce@yopmail.com,Belinda.Grayce@gmail.com,police officer
724,Amelia,Hunfredo,Amelia.Hunfredo@yopmail.com,Amelia.Hunfredo@gmail.com,police officer
725,Aili,Lattie,Aili.Lattie@yopmail.com,Aili.Lattie@gmail.com,developer
726,Dolli,Philoo,Dolli.Philoo@yopmail.com,Dolli.Philoo@gmail.com,developer
727,Amii,Fadiman,Amii.Fadiman@yopmail.com,Amii.Fadiman@gmail.com,worker
728,Althea,Lattie,Althea.Lattie@yopmail.com,Althea.Lattie@gmail.com,police officer
729,Belinda,Wattenberg,Belinda.Wattenberg@yopmail.com,Belinda.Wattenberg@gmail.com,developer
730,Hildegaard,Evvie,Hildegaard.Evvie@yopmail.com,Hildegaard.Evvie@gmail.com,police officer
731,Raf,Afton,Raf.Afton@yopmail.com,Raf.Afton@gmail.com,police officer
732,Nikki,Ball,Nikki.Ball@yopmail.com,Nikki.Ball@gmail.com,developer
733,Berget,Vanni,Berget.Vanni@yopmail.com,Berget.Vanni@gmail.com,developer
734,Elmira,Astra,Elmira.Astra@yopmail.com,Elmira.Astra@gmail.com,police officer
735,Averyl,Martguerita,Averyl.Martguerita@yopmail.com,Averyl.Martguerita@gmail.com,firefighter
736,Binny,Garrison,Binny.Garrison@yopmail.com,Binny.Garrison@gmail.com,worker
737,Liana,Bethany,Liana.Bethany@yopmail.com,Liana.Bethany@gmail.com,doctor
738,Karly,Lea,Karly.Lea@yopmail.com,Karly.Lea@gmail.com,firefighter
739,Aurelie,Grayce,Aurelie.Grayce@yopmail.com,Aurelie.Grayce@gmail.com,developer
740,Zaria,Etom,Zaria.Etom@yopmail.com,Zaria.Etom@gmail.com,police officer
741,Vinita,Tengdin,Vinita.Tengdin@yopmail.com,Vinita.Tengdin@gmail.com,worker
742,Bettine,Kaete,Bettine.Kaete@yopmail.com,Bettine.Kaete@gmail.com,firefighter
743,Xylina,Danby,Xylina.Danby@yopmail.com,Xylina.Danby@gmail.com,police officer
744,Romona,Reneta,Romona.Reneta@yopmail.com,Romona.Reneta@gmail.com,firefighter
745,Corene,Breed,Corene.Breed@yopmail.com,Corene.Breed@gmail.com,developer
746,Lorie,Hepsibah,Lorie.Hepsibah@yopmail.com,Lorie.Hepsibah@gmail.com,firefighter
747,Aigneis,Kazimir,Aigneis.Kazimir@yopmail.com,Aigneis.Kazimir@gmail.com,developer
748,Marjie,Daegal,Marjie.Daegal@yopmail.com,Marjie.Daegal@gmail.com,worker
749,Bertine,Carmena,Bertine.Carmena@yopmail.com,Bertine.Carmena@gmail.com,doctor
750,Ermengarde,Doig,Ermengarde.Doig@yopmail.com,Ermengarde.Doig@gmail.com,developer
751,Tera,Leopold,Tera.Leopold@yopmail.com,Tera.Leopold@gmail.com,doctor
752,Lusa,Roxanna,Lusa.Roxanna@yopmail.com,Lusa.Roxanna@gmail.com,police officer
753,Janis,Sophronia,Janis.Sophronia@yopmail.com,Janis.Sophronia@gmail.com,worker
754,Carly,Muriel,Carly.Muriel@yopmail.com,Carly.Muriel@gmail.com,worker
755,Diena,Madelene,Diena.Madelene@yopmail.com,Diena.Madelene@gmail.com,firefighter
756,Althea,Cavan,Althea.Cavan@yopmail.com,Althea.Cavan@gmail.com,worker
757,Randa,Sabella,Randa.Sabella@yopmail.com,Randa.Sabella@gmail.com,firefighter
758,Rozele,Naor,Rozele.Naor@yopmail.com,Rozele.Naor@gmail.com,worker
759,Karolina,Raimondo,Karolina.Raimondo@yopmail.com,Karolina.Raimondo@gmail.com,police officer
760,Riannon,Ferino,Riannon.Ferino@yopmail.com,Riannon.Ferino@gmail.com,developer
761,Nanete,Seligman,Nanete.Seligman@yopmail.com,Nanete.Seligman@gmail.com,developer
762,Livvyy,Burkle,Livvyy.Burkle@yopmail.com,Livvyy.Burkle@gmail.com,firefighter
763,Karlee,Ferino,Karlee.Ferino@yopmail.com,Karlee.Ferino@gmail.com,firefighter
764,Dotty,Armanda,Dotty.Armanda@yopmail.com,Dotty.Armanda@gmail.com,firefighter
765,Cindelyn,Tayib,Cindelyn.Tayib@yopmail.com,Cindelyn.Tayib@gmail.com,worker
766,Nonnah,Geffner,Nonnah.Geffner@yopmail.com,Nonnah.Geffner@gmail.com,developer
767,Lindie,Merna,Lindie.Merna@yopmail.com,Lindie.Merna@gmail.com,firefighter
768,Nananne,Haerr,Nananne.Haerr@yopmail.com,Nananne.Haerr@gmail.com,developer
769,Coral,Secrest,Coral.Secrest@yopmail.com,Coral.Secrest@gmail.com,worker
770,Romona,Colp,Romona.Colp@yopmail.com,Romona.Colp@gmail.com,developer
771,Heddie,Vins,Heddie.Vins@yopmail.com,Heddie.Vins@gmail.com,police officer
772,Nanete,Glovsky,Nanete.Glovsky@yopmail.com,Nanete.Glovsky@gmail.com,doctor
773,Sybille,Letsou,Sybille.Letsou@yopmail.com,Sybille.Letsou@gmail.com,firefighter
774,Alie,Roxanna,Alie.Roxanna@yopmail.com,Alie.Roxanna@gmail.com,doctor
775,Wilma,Creamer,Wilma.Creamer@yopmail.com,Wilma.Creamer@gmail.com,firefighter
776,Karly,Sancho,Karly.Sancho@yopmail.com,Karly.Sancho@gmail.com,firefighter
777,Anthia,Gibbeon,Anthia.Gibbeon@yopmail.com,Anthia.Gibbeon@gmail.com,doctor
778,Gui,Jagir,Gui.Jagir@yopmail.com,Gui.Jagir@gmail.com,firefighter
779,Marinna,Hanleigh,Marinna.Hanleigh@yopmail.com,Marinna.Hanleigh@gmail.com,doctor
780,Romona,Felecia,Romona.Felecia@yopmail.com,Romona.Felecia@gmail.com,police officer
781,Carree,Allina,Carree.Allina@yopmail.com,Carree.Allina@gmail.com,police officer
782,Tina,Parette,Tina.Parette@yopmail.com,Tina.Parette@gmail.com,worker
783,Ermengarde,Kunin,Ermengarde.Kunin@yopmail.com,Ermengarde.Kunin@gmail.com,firefighter
784,Margarette,Hepsibah,Margarette.Hepsibah@yopmail.com,Margarette.Hepsibah@gmail.com,police officer
785,Fredericka,Stilwell,Fredericka.Stilwell@yopmail.com,Fredericka.Stilwell@gmail.com,doctor
786,Christian,Parette,Christian.Parette@yopmail.com,Christian.Parette@gmail.com,doctor
787,Allis,Marcellus,Allis.Marcellus@yopmail.com,Allis.Marcellus@gmail.com,police officer
788,Merle,Carmena,Merle.Carmena@yopmail.com,Merle.Carmena@gmail.com,developer
789,Moyna,Friede,Moyna.Friede@yopmail.com,Moyna.Friede@gmail.com,doctor
790,Julieta,Natica,Julieta.Natica@yopmail.com,Julieta.Natica@gmail.com,doctor
791,Emmey,Edmund,Emmey.Edmund@yopmail.com,Emmey.Edmund@gmail.com,worker
792,Andeee,Japeth,Andeee.Japeth@yopmail.com,Andeee.Japeth@gmail.com,worker
793,Edith,Blake,Edith.Blake@yopmail.com,Edith.Blake@gmail.com,police officer
794,Gerrie,Percy,Gerrie.Percy@yopmail.com,Gerrie.Percy@gmail.com,developer
795,Wileen,Lubin,Wileen.Lubin@yopmail.com,Wileen.Lubin@gmail.com,worker
796,Ivett,Even,Ivett.Even@yopmail.com,Ivett.Even@gmail.com,doctor
797,Rubie,Fink,Rubie.Fink@yopmail.com,Rubie.Fink@gmail.com,police officer
798,Elbertina,Zrike,Elbertina.Zrike@yopmail.com,Elbertina.Zrike@gmail.com,developer
799,Barbi,Sheedy,Barbi.Sheedy@yopmail.com,Barbi.Sheedy@gmail.com,firefighter
800,Libbie,Maroney,Libbie.Maroney@yopmail.com,Libbie.Maroney@gmail.com,worker
801,Madalyn,Clara,Madalyn.Clara@yopmail.com,Madalyn.Clara@gmail.com,police officer
802,Feliza,Kamaria,Feliza.Kamaria@yopmail.com,Feliza.Kamaria@gmail.com,developer
803,Cristine,Old,Cristine.Old@yopmail.com,Cristine.Old@gmail.com,doctor
804,Raf,Schroth,Raf.Schroth@yopmail.com,Raf.Schroth@gmail.com,police officer
805,Annaliese,Carbo,Annaliese.Carbo@yopmail.com,Annaliese.Carbo@gmail.com,firefighter
806,Genovera,Ax,Genovera.Ax@yopmail.com,Genovera.Ax@gmail.com,worker
807,Bernardine,Baylor,Bernardine.Baylor@yopmail.com,Bernardine.Baylor@gmail.com,worker
808,Emmey,Concha,Emmey.Concha@yopmail.com,Emmey.Concha@gmail.com,police officer
809,Tybie,Izaak,Tybie.Izaak@yopmail.com,Tybie.Izaak@gmail.com,police officer
810,Latisha,Pierette,Latisha.Pierette@yopmail.com,Latisha.Pierette@gmail.com,police officer
811,Ruthe,Annice,Ruthe.Annice@yopmail.com,Ruthe.Annice@gmail.com,worker
812,Shaine,Peti,Shaine.Peti@yopmail.com,Shaine.Peti@gmail.com,firefighter
813,Lulita,Lutero,Lulita.Lutero@yopmail.com,Lulita.Lutero@gmail.com,firefighter
814,Dari,Audly,Dari.Audly@yopmail.com,Dari.Audly@gmail.com,doctor
815,Leeanne,Sperling,Leeanne.Sperling@yopmail.com,Leeanne.Sperling@gmail.com,doctor
816,Ginnie,Cath,Ginnie.Cath@yopmail.com,Ginnie.Cath@gmail.com,worker
817,Mildrid,Killigrew,Mildrid.Killigrew@yopmail.com,Mildrid.Killigrew@gmail.com,police officer
818,Joy,Annice,Joy.Annice@yopmail.com,Joy.Annice@gmail.com,developer
819,Nollie,Aprile,Nollie.Aprile@yopmail.com,Nollie.Aprile@gmail.com,firefighter
820,Cathyleen,Seagraves,Cathyleen.Seagraves@yopmail.com,Cathyleen.Seagraves@gmail.com,firefighter
821,Brooks,Tamsky,Brooks.Tamsky@yopmail.com,Brooks.Tamsky@gmail.com,worker
822,Gale,Franza,Gale.Franza@yopmail.com,Gale.Franza@gmail.com,police officer
823,Sadie,Tamsky,Sadie.Tamsky@yopmail.com,Sadie.Tamsky@gmail.com,worker
824,Lilith,Sasnett,Lilith.Sasnett@yopmail.com,Lilith.Sasnett@gmail.com,firefighter
825,Keelia,Joeann,Keelia.Joeann@yopmail.com,Keelia.Joeann@gmail.com,developer
826,Claresta,Sigfrid,Claresta.Sigfrid@yopmail.com,Claresta.Sigfrid@gmail.com,police officer
827,Lucy,Corabella,Lucy.Corabella@yopmail.com,Lucy.Corabella@gmail.com,police officer
828,Sadie,Sholley,Sadie.Sholley@yopmail.com,Sadie.Sholley@gmail.com,developer
829,Raf,Alexandr,Raf.Alexandr@yopmail.com,Raf.Alexandr@gmail.com,police officer
830,Almeta,Casimir,Almeta.Casimir@yopmail.com,Almeta.Casimir@gmail.com,doctor
831,Cyndie,Skurnik,Cyndie.Skurnik@yopmail.com,Cyndie.Skurnik@gmail.com,doctor
832,Silvana,Barbey,Silvana.Barbey@yopmail.com,Silvana.Barbey@gmail.com,firefighter
833,Flo,Markman,Flo.Markman@yopmail.com,Flo.Markman@gmail.com,police officer
834,Anica,Kazimir,Anica.Kazimir@yopmail.com,Anica.Kazimir@gmail.com,developer
835,Shaine,Gillan,Shaine.Gillan@yopmail.com,Shaine.Gillan@gmail.com,worker
836,Annabela,Nedrud,Annabela.Nedrud@yopmail.com,Annabela.Nedrud@gmail.com,firefighter
837,Neila,Argus,Neila.Argus@yopmail.com,Neila.Argus@gmail.com,worker
838,Gusella,Delila,Gusella.Delila@yopmail.com,Gusella.Delila@gmail.com,worker
839,Bertine,Lemuela,Bertine.Lemuela@yopmail.com,Bertine.Lemuela@gmail.com,doctor
840,Celene,Dielu,Celene.Dielu@yopmail.com,Celene.Dielu@gmail.com,developer
841,Kaja,Klotz,Kaja.Klotz@yopmail.com,Kaja.Klotz@gmail.com,police officer
842,Gabriellia,O'Carroll,Gabriellia.O'Carroll@yopmail.com,Gabriellia.O'Carroll@gmail.com,developer
843,Dorene,Rheingold,Dorene.Rheingold@yopmail.com,Dorene.Rheingold@gmail.com,firefighter
844,Aimil,Ammann,Aimil.Ammann@yopmail.com,Aimil.Ammann@gmail.com,firefighter
845,Therine,Colleen,Therine.Colleen@yopmail.com,Therine.Colleen@gmail.com,developer
846,Dolli,Fillbert,Dolli.Fillbert@yopmail.com,Dolli.Fillbert@gmail.com,firefighter
847,Selia,Poppy,Selia.Poppy@yopmail.com,Selia.Poppy@gmail.com,developer
848,Debee,Baudin,Debee.Baudin@yopmail.com,Debee.Baudin@gmail.com,firefighter
849,Arlena,Hanleigh,Arlena.Hanleigh@yopmail.com,Arlena.Hanleigh@gmail.com,doctor
850,Lulita,Wiener,Lulita.Wiener@yopmail.com,Lulita.Wiener@gmail.com,developer
851,Carol-Jean,Pettiford,Carol-Jean.Pettiford@yopmail.com,Carol-Jean.Pettiford@gmail.com,firefighter
852,Jaime,Tengdin,Jaime.Tengdin@yopmail.com,Jaime.Tengdin@gmail.com,firefighter
853,Charmaine,LaRue,Charmaine.LaRue@yopmail.com,Charmaine.LaRue@gmail.com,developer
854,Janeczka,Lutero,Janeczka.Lutero@yopmail.com,Janeczka.Lutero@gmail.com,developer
855,Magdalena,Dosia,Magdalena.Dosia@yopmail.com,Magdalena.Dosia@gmail.com,doctor
856,Georgina,Susannah,Georgina.Susannah@yopmail.com,Georgina.Susannah@gmail.com,worker
857,Mara,Land,Mara.Land@yopmail.com,Mara.Land@gmail.com,developer
858,Belinda,Junie,Belinda.Junie@yopmail.com,Belinda.Junie@gmail.com,doctor
859,Jenilee,Bendick,Jenilee.Bendick@yopmail.com,Jenilee.Bendick@gmail.com,doctor
860,Dulce,Codding,Dulce.Codding@yopmail.com,Dulce.Codding@gmail.com,firefighter
861,Bee,Elbertina,Bee.Elbertina@yopmail.com,Bee.Elbertina@gmail.com,worker
862,Monika,Timon,Monika.Timon@yopmail.com,Monika.Timon@gmail.com,developer
863,Maye,Brackely,Maye.Brackely@yopmail.com,Maye.Brackely@gmail.com,doctor
864,Roz,Toor,Roz.Toor@yopmail.com,Roz.Toor@gmail.com,firefighter
865,Anallese,Kravits,Anallese.Kravits@yopmail.com,Anallese.Kravits@gmail.com,doctor
866,Madelle,Waite,Madelle.Waite@yopmail.com,Madelle.Waite@gmail.com,developer
867,Jobi,Juan,Jobi.Juan@yopmail.com,Jobi.Juan@gmail.com,developer
868,Eugine,Belldas,Eugine.Belldas@yopmail.com,Eugine.Belldas@gmail.com,doctor
869,Flo,Levey,Flo.Levey@yopmail.com,Flo.Levey@gmail.com,worker
870,Arabel,Letsou,Arabel.Letsou@yopmail.com,Arabel.Letsou@gmail.com,developer
871,Kimmy,Destinee,Kimmy.Destinee@yopmail.com,Kimmy.Destinee@gmail.com,doctor
872,Sue,Elbertina,Sue.Elbertina@yopmail.com,Sue.Elbertina@gmail.com,police officer
873,Tami,Payson,Tami.Payson@yopmail.com,Tami.Payson@gmail.com,doctor
874,Nyssa,Arquit,Nyssa.Arquit@yopmail.com,Nyssa.Arquit@gmail.com,police officer
875,Joceline,Schalles,Joceline.Schalles@yopmail.com,Joceline.Schalles@gmail.com,firefighter
876,Fidelia,Rubie,Fidelia.Rubie@yopmail.com,Fidelia.Rubie@gmail.com,police officer
877,Dede,Kermit,Dede.Kermit@yopmail.com,Dede.Kermit@gmail.com,police officer
878,Ann-Marie,Matthew,Ann-Marie.Matthew@yopmail.com,Ann-Marie.Matthew@gmail.com,doctor
879,Jessamyn,Pip,Jessamyn.Pip@yopmail.com,Jessamyn.Pip@gmail.com,police officer
880,Nicoli,Millda,Nicoli.Millda@yopmail.com,Nicoli.Millda@gmail.com,doctor
881,Ebonee,Hedve,Ebonee.Hedve@yopmail.com,Ebonee.Hedve@gmail.com,worker
882,Constance,Thar,Constance.Thar@yopmail.com,Constance.Thar@gmail.com,doctor
883,Glynnis,Bebe,Glynnis.Bebe@yopmail.com,Glynnis.Bebe@gmail.com,police officer
884,Nita,Esmaria,Nita.Esmaria@yopmail.com,Nita.Esmaria@gmail.com,worker
885,Blake,Seagraves,Blake.Seagraves@yopmail.com,Blake.Seagraves@gmail.com,doctor
886,Doralynne,Roxanna,Doralynne.Roxanna@yopmail.com,Doralynne.Roxanna@gmail.com,worker
887,Anthia,Holtz,Anthia.Holtz@yopmail.com,Anthia.Holtz@gmail.com,doctor
888,Tressa,Aprile,Tressa.Aprile@yopmail.com,Tressa.Aprile@gmail.com,developer
889,Tabbatha,Marsden,Tabbatha.Marsden@yopmail.com,Tabbatha.Marsden@gmail.com,worker
890,Berget,O'Carroll,Berget.O'Carroll@yopmail.com,Berget.O'Carroll@gmail.com,police officer
891,Ileana,Hillel,Ileana.Hillel@yopmail.com,Ileana.Hillel@gmail.com,developer
892,Shaylyn,Nester,Shaylyn.Nester@yopmail.com,Shaylyn.Nester@gmail.com,police officer
893,Hyacinthe,Waite,Hyacinthe.Waite@yopmail.com,Hyacinthe.Waite@gmail.com,doctor
894,Annaliese,Roche,Annaliese.Roche@yopmail.com,Annaliese.Roche@gmail.com,police officer
895,Kathy,Alwin,Kathy.Alwin@yopmail.com,Kathy.Alwin@gmail.com,doctor
896,Averyl,Eiser,Averyl.Eiser@yopmail.com,Averyl.Eiser@gmail.com,worker
897,Iseabal,Rossner,Iseabal.Rossner@yopmail.com,Iseabal.Rossner@gmail.com,worker
898,Valli,Randene,Valli.Randene@yopmail.com,Valli.Randene@gmail.com,firefighter
899,Liana,Wandie,Liana.Wandie@yopmail.com,Liana.Wandie@gmail.com,developer
900,Sharlene,Justinn,Sharlene.Justinn@yopmail.com,Sharlene.Justinn@gmail.com,doctor
901,Claudina,Hedve,Claudina.Hedve@yopmail.com,Claudina.Hedve@gmail.com,developer
902,Margarette,Franza,Margarette.Franza@yopmail.com,Margarette.Franza@gmail.com,doctor
903,Libbie,Flyn,Libbie.Flyn@yopmail.com,Libbie.Flyn@gmail.com,worker
904,Gwyneth,Persse,Gwyneth.Persse@yopmail.com,Gwyneth.Persse@gmail.com,worker
905,Bobinette,Baylor,Bobinette.Baylor@yopmail.com,Bobinette.Baylor@gmail.com,developer
906,Vere,Roarke,Vere.Roarke@yopmail.com,Vere.Roarke@gmail.com,firefighter
907,Tatiania,Alfons,Tatiania.Alfons@yopmail.com,Tatiania.Alfons@gmail.com,firefighter
908,Kristina,Alwin,Kristina.Alwin@yopmail.com,Kristina.Alwin@gmail.com,firefighter
909,Vevay,Septima,Vevay.Septima@yopmail.com,Vevay.Septima@gmail.com,firefighter
910,Cyb,Shields,Cyb.Shields@yopmail.com,Cyb.Shields@gmail.com,doctor
911,Frieda,Meli,Frieda.Meli@yopmail.com,Frieda.Meli@gmail.com,police officer
912,Amelia,Ardeha,Amelia.Ardeha@yopmail.com,Amelia.Ardeha@gmail.com,police officer
913,Elka,Baudin,Elka.Baudin@yopmail.com,Elka.Baudin@gmail.com,developer
914,Tomasina,Elbertina,Tomasina.Elbertina@yopmail.com,Tomasina.Elbertina@gmail.com,police officer
915,Alie,Lareena,Alie.Lareena@yopmail.com,Alie.Lareena@gmail.com,police officer
916,Oona,Atcliffe,Oona.Atcliffe@yopmail.com,Oona.Atcliffe@gmail.com,firefighter
917,Edith,Aldric,Edith.Aldric@yopmail.com,Edith.Aldric@gmail.com,developer
918,Wileen,Hylan,Wileen.Hylan@yopmail.com,Wileen.Hylan@gmail.com,developer
919,Di,Joseph,Di.Joseph@yopmail.com,Di.Joseph@gmail.com,police officer
920,Anallese,Parsaye,Anallese.Parsaye@yopmail.com,Anallese.Parsaye@gmail.com,developer
921,Iseabal,Wadell,Iseabal.Wadell@yopmail.com,Iseabal.Wadell@gmail.com,developer
922,Dominga,Ursulette,Dominga.Ursulette@yopmail.com,Dominga.Ursulette@gmail.com,police officer
923,Sheelagh,Ciro,Sheelagh.Ciro@yopmail.com,Sheelagh.Ciro@gmail.com,firefighter
924,Noelle,Phi,Noelle.Phi@yopmail.com,Noelle.Phi@gmail.com,police officer
925,Neila,Dielu,Neila.Dielu@yopmail.com,Neila.Dielu@gmail.com,police officer
926,Bibby,Mallon,Bibby.Mallon@yopmail.com,Bibby.Mallon@gmail.com,firefighter
927,Desirae,Pip,Desirae.Pip@yopmail.com,Desirae.Pip@gmail.com,developer
928,Charmaine,Daniele,Charmaine.Daniele@yopmail.com,Charmaine.Daniele@gmail.com,firefighter
929,Annice,Alarise,Annice.Alarise@yopmail.com,Annice.Alarise@gmail.com,police officer
930,Orsola,Meli,Orsola.Meli@yopmail.com,Orsola.Meli@gmail.com,developer
931,Aurelie,Vernier,Aurelie.Vernier@yopmail.com,Aurelie.Vernier@gmail.com,firefighter
932,Marylou,Delp,Marylou.Delp@yopmail.com,Marylou.Delp@gmail.com,doctor
933,Kassey,Wenda,Kassey.Wenda@yopmail.com,Kassey.Wenda@gmail.com,worker
934,Georgina,Hylan,Georgina.Hylan@yopmail.com,Georgina.Hylan@gmail.com,worker
935,Yvonne,Malina,Yvonne.Malina@yopmail.com,Yvonne.Malina@gmail.com,firefighter
936,Goldie,Kosey,Goldie.Kosey@yopmail.com,Goldie.Kosey@gmail.com,firefighter
937,Karolina,Loleta,Karolina.Loleta@yopmail.com,Karolina.Loleta@gmail.com,developer
938,Joceline,Earlie,Joceline.Earlie@yopmail.com,Joceline.Earlie@gmail.com,firefighter
939,Pamella,Mata,Pamella.Mata@yopmail.com,Pamella.Mata@gmail.com,police officer
940,Annora,Viddah,Annora.Viddah@yopmail.com,Annora.Viddah@gmail.com,worker
941,Georgina,Buttaro,Georgina.Buttaro@yopmail.com,Georgina.Buttaro@gmail.com,worker
942,Chickie,Adamsen,Chickie.Adamsen@yopmail.com,Chickie.Adamsen@gmail.com,worker
943,Tobe,Tayib,Tobe.Tayib@yopmail.com,Tobe.Tayib@gmail.com,police officer
944,Vevay,Lindemann,Vevay.Lindemann@yopmail.com,Vevay.Lindemann@gmail.com,police officer
945,Daphne,Tatianas,Daphne.Tatianas@yopmail.com,Daphne.Tatianas@gmail.com,police officer
946,Natka,Thema,Natka.Thema@yopmail.com,Natka.Thema@gmail.com,developer
947,Emelina,Himelman,Emelina.Himelman@yopmail.com,Emelina.Himelman@gmail.com,firefighter
948,Madeleine,Ludewig,Madeleine.Ludewig@yopmail.com,Madeleine.Ludewig@gmail.com,doctor
949,Joeann,Campball,Joeann.Campball@yopmail.com,Joeann.Campball@gmail.com,firefighter
950,Nessie,Dimitris,Nessie.Dimitris@yopmail.com,Nessie.Dimitris@gmail.com,firefighter
951,Teddie,Denis,Teddie.Denis@yopmail.com,Teddie.Denis@gmail.com,police officer
952,Addia,Lorain,Addia.Lorain@yopmail.com,Addia.Lorain@gmail.com,firefighter
953,Mathilda,Dermott,Mathilda.Dermott@yopmail.com,Mathilda.Dermott@gmail.com,developer
954,Adelle,Lindemann,Adelle.Lindemann@yopmail.com,Adelle.Lindemann@gmail.com,worker
955,Pamella,Rhu,Pamella.Rhu@yopmail.com,Pamella.Rhu@gmail.com,worker
956,Letizia,Kelula,Letizia.Kelula@yopmail.com,Letizia.Kelula@gmail.com,developer
957,Bettine,Secrest,Bettine.Secrest@yopmail.com,Bettine.Secrest@gmail.com,police officer
958,Phedra,Haymes,Phedra.Haymes@yopmail.com,Phedra.Haymes@gmail.com,firefighter
959,Kerrin,Alexandr,Kerrin.Alexandr@yopmail.com,Kerrin.Alexandr@gmail.com,doctor
960,Merci,Duwalt,Merci.Duwalt@yopmail.com,Merci.Duwalt@gmail.com,police officer
961,Elvira,Sasnett,Elvira.Sasnett@yopmail.com,Elvira.Sasnett@gmail.com,worker
962,Correy,Carolin,Correy.Carolin@yopmail.com,Correy.Carolin@gmail.com,worker
963,Lindie,Chandler,Lindie.Chandler@yopmail.com,Lindie.Chandler@gmail.com,police officer
964,Inga,Annice,Inga.Annice@yopmail.com,Inga.Annice@gmail.com,police officer
965,Asia,Madelene,Asia.Madelene@yopmail.com,Asia.Madelene@gmail.com,developer
966,Charlena,Madelene,Charlena.Madelene@yopmail.com,Charlena.Madelene@gmail.com,firefighter
967,Shannah,Schroth,Shannah.Schroth@yopmail.com,Shannah.Schroth@gmail.com,developer
968,Gertrud,Miru,Gertrud.Miru@yopmail.com,Gertrud.Miru@gmail.com,police officer
969,Marline,Harriman,Marline.Harriman@yopmail.com,Marline.Harriman@gmail.com,firefighter
970,Jere,Alarise,Jere.Alarise@yopmail.com,Jere.Alarise@gmail.com,doctor
971,Sue,Terencio,Sue.Terencio@yopmail.com,Sue.Terencio@gmail.com,firefighter
972,Lily,Bertold,Lily.Bertold@yopmail.com,Lily.Bertold@gmail.com,firefighter
973,Kylynn,Loleta,Kylynn.Loleta@yopmail.com,Kylynn.Loleta@gmail.com,doctor
974,Queenie,Hathaway,Queenie.Hathaway@yopmail.com,Queenie.Hathaway@gmail.com,developer
975,Marika,Hamil,Marika.Hamil@yopmail.com,Marika.Hamil@gmail.com,developer
976,Myriam,Hourigan,Myriam.Hourigan@yopmail.com,Myriam.Hourigan@gmail.com,developer
977,Dale,Suzetta,Dale.Suzetta@yopmail.com,Dale.Suzetta@gmail.com,worker
978,Merle,Vivle,Merle.Vivle@yopmail.com,Merle.Vivle@gmail.com,doctor
979,Zondra,Francene,Zondra.Francene@yopmail.com,Zondra.Francene@gmail.com,worker
980,Marcelline,Teryn,Marcelline.Teryn@yopmail.com,Marcelline.Teryn@gmail.com,police officer
981,Danny,Emerson,Danny.Emerson@yopmail.com,Danny.Emerson@gmail.com,police officer
982,Kirbee,Mitzi,Kirbee.Mitzi@yopmail.com,Kirbee.Mitzi@gmail.com,developer
983,Emmey,Bibi,Emmey.Bibi@yopmail.com,Emmey.Bibi@gmail.com,worker
984,Joelly,Tryck,Joelly.Tryck@yopmail.com,Joelly.Tryck@gmail.com,doctor
985,Shaylyn,Loeb,Shaylyn.Loeb@yopmail.com,Shaylyn.Loeb@gmail.com,developer
986,Suzette,Henrie,Suzette.Henrie@yopmail.com,Suzette.Henrie@gmail.com,firefighter
987,Ottilie,Schlosser,Ottilie.Schlosser@yopmail.com,Ottilie.Schlosser@gmail.com,worker
988,Mamie,Gordon,Mamie.Gordon@yopmail.com,Mamie.Gordon@gmail.com,doctor
989,Nikki,Tillford,Nikki.Tillford@yopmail.com,Nikki.Tillford@gmail.com,developer
990,Delilah,Peonir,Delilah.Peonir@yopmail.com,Delilah.Peonir@gmail.com,police officer
991,Theodora,Heisel,Theodora.Heisel@yopmail.com,Theodora.Heisel@gmail.com,doctor
992,Hannis,Luhe,Hannis.Luhe@yopmail.com,Hannis.Luhe@gmail.com,developer
993,Cyndie,Eben,Cyndie.Eben@yopmail.com,Cyndie.Eben@gmail.com,doctor
994,Lindie,Judye,Lindie.Judye@yopmail.com,Lindie.Judye@gmail.com,doctor
995,Tybie,Chem,Tybie.Chem@yopmail.com,Tybie.Chem@gmail.com,worker
996,Feliza,Norrie,Feliza.Norrie@yopmail.com,Feliza.Norrie@gmail.com,developer
997,Neila,Ciro,Neila.Ciro@yopmail.com,Neila.Ciro@gmail.com,firefighter
998,Bernardine,McAdams,Bernardine.McAdams@yopmail.com,Bernardine.McAdams@gmail.com,police officer
999,Goldie,Weaks,Goldie.Weaks@yopmail.com,Goldie.Weaks@gmail.com,developer
1000,Regina,Tiffa,Regina.Tiffa@yopmail.com,Regina.Tiffa@gmail.com,police officer
1001,Mary,Cullin,Mary.Cullin@yopmail.com,Mary.Cullin@gmail.com,police officer
1002,Alyda,Posner,Alyda.Posner@yopmail.com,Alyda.Posner@gmail.com,worker
1003,Bobbi,Marsden,Bobbi.Marsden@yopmail.com,Bobbi.Marsden@gmail.com,firefighter
1004,Marylou,Chinua,Marylou.Chinua@yopmail.com,Marylou.Chinua@gmail.com,firefighter
1005,Gaylene,Therine,Gaylene.Therine@yopmail.com,Gaylene.Therine@gmail.com,firefighter
1006,Alisha,Rillings,Alisha.Rillings@yopmail.com,Alisha.Rillings@gmail.com,firefighter
1007,Ekaterina,Remmer,Ekaterina.Remmer@yopmail.com,Ekaterina.Remmer@gmail.com,doctor
1008,Jessy,Jerold,Jessy.Jerold@yopmail.com,Jessy.Jerold@gmail.com,firefighter
1009,Ethel,Ader,Ethel.Ader@yopmail.com,Ethel.Ader@gmail.com,developer
1010,Harmonia,Blake,Harmonia.Blake@yopmail.com,Harmonia.Blake@gmail.com,police officer
1011,Hannis,Garbe,Hannis.Garbe@yopmail.com,Hannis.Garbe@gmail.com,worker
1012,Damaris,Caitlin,Damaris.Caitlin@yopmail.com,Damaris.Caitlin@gmail.com,doctor
1013,Nannie,Bow,Nannie.Bow@yopmail.com,Nannie.Bow@gmail.com,police officer
1014,Ursulina,Demitria,Ursulina.Demitria@yopmail.com,Ursulina.Demitria@gmail.com,firefighter
1015,Regina,Kamaria,Regina.Kamaria@yopmail.com,Regina.Kamaria@gmail.com,police officer
1016,Edith,Noman,Edith.Noman@yopmail.com,Edith.Noman@gmail.com,developer
1017,Nataline,Arne,Nataline.Arne@yopmail.com,Nataline.Arne@gmail.com,worker
1018,Patricia,Jacinda,Patricia.Jacinda@yopmail.com,Patricia.Jacinda@gmail.com,developer
1019,Nariko,Chesna,Nariko.Chesna@yopmail.com,Nariko.Chesna@gmail.com,firefighter
1020,Ketti,Hubert,Ketti.Hubert@yopmail.com,Ketti.Hubert@gmail.com,worker
1021,Miquela,Serilda,Miquela.Serilda@yopmail.com,Miquela.Serilda@gmail.com,developer
1022,Dolli,Weide,Dolli.Weide@yopmail.com,Dolli.Weide@gmail.com,worker
1023,Leontine,Redmond,Leontine.Redmond@yopmail.com,Leontine.Redmond@gmail.com,doctor
1024,Tamqrah,Nahum,Tamqrah.Nahum@yopmail.com,Tamqrah.Nahum@gmail.com,police officer
1025,Babita,Weide,Babita.Weide@yopmail.com,Babita.Weide@gmail.com,police officer
1026,Carly,Faust,Carly.Faust@yopmail.com,Carly.Faust@gmail.com,worker
1027,Aubrie,Raffo,Aubrie.Raffo@yopmail.com,Aubrie.Raffo@gmail.com,developer
1028,Glynnis,Talia,Glynnis.Talia@yopmail.com,Glynnis.Talia@gmail.com,doctor
1029,Corina,Kermit,Corina.Kermit@yopmail.com,Corina.Kermit@gmail.com,worker
1030,Tabbatha,Zenas,Tabbatha.Zenas@yopmail.com,Tabbatha.Zenas@gmail.com,worker
1031,Kerrin,Schenck,Kerrin.Schenck@yopmail.com,Kerrin.Schenck@gmail.com,worker
1032,Cecile,Stelle,Cecile.Stelle@yopmail.com,Cecile.Stelle@gmail.com,firefighter
1033,Mallory,Dimitris,Mallory.Dimitris@yopmail.com,Mallory.Dimitris@gmail.com,firefighter
1034,Kara-Lynn,Zenas,Kara-Lynn.Zenas@yopmail.com,Kara-Lynn.Zenas@gmail.com,worker
1035,Dode,Krystle,Dode.Krystle@yopmail.com,Dode.Krystle@gmail.com,doctor
1036,Mildrid,Madox,Mildrid.Madox@yopmail.com,Mildrid.Madox@gmail.com,worker
1037,Kore,Hewitt,Kore.Hewitt@yopmail.com,Kore.Hewitt@gmail.com,firefighter
1038,Lenna,Lasley,Lenna.Lasley@yopmail.com,Lenna.Lasley@gmail.com,doctor
1039,Tabbatha,Justinn,Tabbatha.Justinn@yopmail.com,Tabbatha.Justinn@gmail.com,firefighter
1040,Sean,Helve,Sean.Helve@yopmail.com,Sean.Helve@gmail.com,developer
1041,Pearline,Radu,Pearline.Radu@yopmail.com,Pearline.Radu@gmail.com,developer
1042,Selma,Koehler,Selma.Koehler@yopmail.com,Selma.Koehler@gmail.com,developer
1043,Lacie,Greyson,Lacie.Greyson@yopmail.com,Lacie.Greyson@gmail.com,firefighter
1044,Aubrie,Podvin,Aubrie.Podvin@yopmail.com,Aubrie.Podvin@gmail.com,police officer
1045,Shaine,Barrus,Shaine.Barrus@yopmail.com,Shaine.Barrus@gmail.com,doctor
1046,Jenda,Chaing,Jenda.Chaing@yopmail.com,Jenda.Chaing@gmail.com,police officer
1047,Blondelle,Moina,Blondelle.Moina@yopmail.com,Blondelle.Moina@gmail.com,developer
1048,Emylee,Diogenes,Emylee.Diogenes@yopmail.com,Emylee.Diogenes@gmail.com,firefighter
1049,Starla,Clywd,Starla.Clywd@yopmail.com,Starla.Clywd@gmail.com,developer
1050,Robinia,Sheng,Robinia.Sheng@yopmail.com,Robinia.Sheng@gmail.com,doctor
1051,Kellen,Rozanna,Kellen.Rozanna@yopmail.com,Kellen.Rozanna@gmail.com,police officer
1052,Sybille,Belldas,Sybille.Belldas@yopmail.com,Sybille.Belldas@gmail.com,developer
1053,Veda,Brian,Veda.Brian@yopmail.com,Veda.Brian@gmail.com,developer
1054,Charissa,Nerita,Charissa.Nerita@yopmail.com,Charissa.Nerita@gmail.com,worker
1055,Margalo,Audly,Margalo.Audly@yopmail.com,Margalo.Audly@gmail.com,police officer
1056,Dulcinea,Haymes,Dulcinea.Haymes@yopmail.com,Dulcinea.Haymes@gmail.com,worker
1057,Eolanda,Stephie,Eolanda.Stephie@yopmail.com,Eolanda.Stephie@gmail.com,worker
1058,Penelopa,Niccolo,Penelopa.Niccolo@yopmail.com,Penelopa.Niccolo@gmail.com,doctor
1059,Gaylene,Vastah,Gaylene.Vastah@yopmail.com,Gaylene.Vastah@gmail.com,developer
1060,Lilith,Holtz,Lilith.Holtz@yopmail.com,Lilith.Holtz@gmail.com,doctor
1061,Meghann,Christine,Meghann.Christine@yopmail.com,Meghann.Christine@gmail.com,developer
1062,Tani,Cordi,Tani.Cordi@yopmail.com,Tani.Cordi@gmail.com,developer
1063,Gisela,Ries,Gisela.Ries@yopmail.com,Gisela.Ries@gmail.com,developer
1064,Sandie,Grobe,Sandie.Grobe@yopmail.com,Sandie.Grobe@gmail.com,firefighter
1065,Stephanie,Kosey,Stephanie.Kosey@yopmail.com,Stephanie.Kosey@gmail.com,worker
1066,Modestia,Bultman,Modestia.Bultman@yopmail.com,Modestia.Bultman@gmail.com,police officer
1067,Diena,Mitzi,Diena.Mitzi@yopmail.com,Diena.Mitzi@gmail.com,police officer
1068,Jsandye,Bonilla,Jsandye.Bonilla@yopmail.com,Jsandye.Bonilla@gmail.com,doctor
1069,Fina,Wittie,Fina.Wittie@yopmail.com,Fina.Wittie@gmail.com,developer
1070,Marguerite,Suk,Marguerite.Suk@yopmail.com,Marguerite.Suk@gmail.com,developer
1071,Harrietta,Lenny,Harrietta.Lenny@yopmail.com,Harrietta.Lenny@gmail.com,firefighter
1072,Pearline,Bates,Pearline.Bates@yopmail.com,Pearline.Bates@gmail.com,worker
1073,Cyb,Cutlerr,Cyb.Cutlerr@yopmail.com,Cyb.Cutlerr@gmail.com,doctor
1074,Celestyna,Linehan,Celestyna.Linehan@yopmail.com,Celestyna.Linehan@gmail.com,firefighter
1075,Sheelagh,Larochelle,Sheelagh.Larochelle@yopmail.com,Sheelagh.Larochelle@gmail.com,developer
1076,Elie,Knowling,Elie.Knowling@yopmail.com,Elie.Knowling@gmail.com,worker
1077,Dennie,Fancie,Dennie.Fancie@yopmail.com,Dennie.Fancie@gmail.com,worker
1078,Magdalena,Shaddock,Magdalena.Shaddock@yopmail.com,Magdalena.Shaddock@gmail.com,doctor
1079,Ellette,Mike,Ellette.Mike@yopmail.com,Ellette.Mike@gmail.com,firefighter
1080,Ekaterina,Raimondo,Ekaterina.Raimondo@yopmail.com,Ekaterina.Raimondo@gmail.com,doctor
1081,Gusty,Monk,Gusty.Monk@yopmail.com,Gusty.Monk@gmail.com,police officer
1082,Sarette,Lea,Sarette.Lea@yopmail.com,Sarette.Lea@gmail.com,worker
1083,Tina,Cohdwell,Tina.Cohdwell@yopmail.com,Tina.Cohdwell@gmail.com,worker
1084,Joceline,Carlson,Joceline.Carlson@yopmail.com,Joceline.Carlson@gmail.com,firefighter
1085,Gertrud,Anyah,Gertrud.Anyah@yopmail.com,Gertrud.Anyah@gmail.com,worker
1086,Andree,Latini,Andree.Latini@yopmail.com,Andree.Latini@gmail.com,developer
1087,Roseline,Glenden,Roseline.Glenden@yopmail.com,Roseline.Glenden@gmail.com,firefighter
1088,Clarice,Scammon,Clarice.Scammon@yopmail.com,Clarice.Scammon@gmail.com,firefighter
1089,Eadie,Garbe,Eadie.Garbe@yopmail.com,Eadie.Garbe@gmail.com,worker
1090,Maye,Fitzsimmons,Maye.Fitzsimmons@yopmail.com,Maye.Fitzsimmons@gmail.com,developer
1091,Dacia,Vharat,Dacia.Vharat@yopmail.com,Dacia.Vharat@gmail.com,police officer
1092,Carolina,Agle,Carolina.Agle@yopmail.com,Carolina.Agle@gmail.com,doctor
1093,Kirstin,Loring,Kirstin.Loring@yopmail.com,Kirstin.Loring@gmail.com,doctor
1094,Fawne,Tybald,Fawne.Tybald@yopmail.com,Fawne.Tybald@gmail.com,doctor
1095,Dominga,Leonard,Dominga.Leonard@yopmail.com,Dominga.Leonard@gmail.com,developer
1096,Drucie,Ephrem,Drucie.Ephrem@yopmail.com,Drucie.Ephrem@gmail.com,police officer
1097,Blake,Margarete,Blake.Margarete@yopmail.com,Blake.Margarete@gmail.com,worker
1098,Dolli,Georas,Dolli.Georas@yopmail.com,Dolli.Georas@gmail.com,doctor
1099,Dianemarie,Gale,Dianemarie.Gale@yopmail.com,Dianemarie.Gale@gmail.com,police officer